source,source_name,target,target_name,via
1102,亞泥,1101,台泥,
2634,漢翔,1101,台泥,
8038,長園科,1101,台泥,
8341,日友,1101,台泥,
8422,可寧衛*,1101,台泥,
9955,佳龍,1101,台泥,
6505,台塑化,1101,台泥,
1101,台泥,1102,亞泥,
9955,佳龍,1102,亞泥,
1215,卜蜂,1210,大成,
1215,卜蜂,1210,大成,
1215,卜蜂,1210,大成,
1215,卜蜂,1210,大成,
1216,統一,1210,大成,
1218,泰山,1210,大成,
1218,泰山,1210,大成,
1210,大成,1215,卜蜂,
1210,大成,1215,卜蜂,
1218,泰山,1215,卜蜂,
1231,聯華食,1215,卜蜂,
1210,大成,1216,統一,
1210,大成,1216,統一,
1215,卜蜂,1216,統一,
1215,卜蜂,1216,統一,
1218,泰山,1216,統一,
1218,泰山,1216,統一,
1227,佳格,1216,統一,
1229,聯華,1216,統一,
1231,聯華食,1216,統一,
1231,聯華食,1216,統一,
1707,葡萄王,1216,統一,
1903,士紙,1216,統一,
5434,崇越,1216,統一,
9939,宏全,1216,統一,
1227,佳格,1218,泰山,
1231,聯華食,1227,佳格,
1231,聯華食,1227,佳格,
1210,大成,1229,聯華,
1227,佳格,1231,聯華食,
1303,南亞,1301,台塑,
1305,華夏,1301,台塑,
1314,中石化,1301,台塑,
5340,建榮,1301,台塑,
1305,華夏,1303,南亞,
1402,遠東新,1303,南亞,
1717,長興,1303,南亞,
1727,中華化,1303,南亞,
1802,台玻,1303,南亞,
1815,富喬,1303,南亞,
2383,台光電,1303,南亞,
4303,信立,1303,南亞,
4722,國精化,1303,南亞,
5340,建榮,1303,南亞,
5340,建榮,1303,南亞,
5475,德宏,1303,南亞,
8358,金居,1303,南亞,
1301,台塑,1314,中石化,
1402,遠東新,1314,中石化,
2236,百達-KY,1319,東陽,
1303,南亞,1326,台化,
1402,遠東新,1326,台化,
1303,南亞,1402,遠東新,
1434,福懋,1402,遠東新,
1476,儒鴻,1402,遠東新,
1476,儒鴻,1402,遠東新,
2915,潤泰全,1402,遠東新,
1903,士紙,1419,新紡,
1476,儒鴻,1434,福懋,
2915,潤泰全,1434,福懋,
4303,信立,1434,福懋,
9938,百和,1434,福懋,
1402,遠東新,1476,儒鴻,
1419,新紡,1476,儒鴻,
1477,聚陽,1476,儒鴻,
1402,遠東新,1477,聚陽,
1419,新紡,1477,聚陽,
1476,儒鴻,1477,聚陽,
4303,信立,1477,聚陽,
1101,台泥,1503,士電,
1419,新紡,1503,士電,
1504,東元,1503,士電,
1513,中興電,1503,士電,
1519,華城,1503,士電,
1519,華城,1503,士電,
1903,士紙,1503,士電,
2371,大同,1503,士電,
1515,力山,1504,東元,
3027,盛達,1504,東元,
9958,世紀鋼,1504,東元,
1503,士電,1513,中興電,
1504,東元,1513,中興電,
1519,華城,1513,中興電,
1519,華城,1513,中興電,
1519,華城,1513,中興電,
2332,友訊,1513,中興電,
2371,大同,1513,中興電,
2392,正崴,1513,中興電,
2634,漢翔,1513,中興電,
3211,順達,1513,中興電,
3323,加百裕,1513,中興電,
3576,聯合再生,1513,中興電,
6282,康舒,1513,中興電,
1533,車王電,1515,力山,
1101,台泥,1519,華城,
1503,士電,1519,華城,
1504,東元,1519,華城,
2371,大同,1519,華城,
2377,微星,1519,華城,
3027,盛達,1519,華城,
3576,聯合再生,1519,華城,
8038,長園科,1519,華城,
9941,裕融,1519,華城,
9958,世紀鋼,1519,華城,
1589,永冠-KY,1532,勤美,
4551,智伸科,1536,和大,
3583,辛耘,1560,中砂,
3189,景碩,1565,精華,
3218,大學光,1565,精華,
5312,寶島科,1565,精華,
8215,明基材,1565,精華,
1532,勤美,1589,永冠-KY,
1609,大亞,1605,華新,
4903,聯光通,1605,華新,
5009,榮剛,1605,華新,
1590,亞德客-KY,1609,大亞,
1605,華新,1609,大亞,
1218,泰山,1707,葡萄王,
1231,聯華食,1707,葡萄王,
1720,生達,1707,葡萄王,
4123,晟德,1707,葡萄王,
5314,世紀*,1707,葡萄王,
8436,大江,1707,葡萄王,
8436,大江,1707,葡萄王,
1727,中華化,1717,長興,
3032,偉訓,1717,長興,
4722,國精化,1717,長興,
4722,國精化,1717,長興,
5234,達興材料,1717,長興,
5434,崇越,1717,長興,
4114,健喬,1720,生達,
4114,健喬,1720,生達,
4123,晟德,1720,生達,
4746,台耀,1720,生達,
1515,力山,1736,喬山,
1777,生泰,1762,中化生,
1786,科妍,1783,和康生,
1786,科妍,1783,和康生,
9955,佳龍,1785,光洋科,
1783,和康生,1786,科妍,
1783,和康生,1786,科妍,
4104,佳醫,1786,科妍,
1720,生達,1789,神隆,
1762,中化生,1789,神隆,
1777,生泰,1789,神隆,
1815,富喬,1802,台玻,
5340,建榮,1802,台玻,
5340,建榮,1802,台玻,
5475,德宏,1802,台玻,
5475,德宏,1802,台玻,
1419,新紡,1903,士紙,
1907,永豐餘,1904,正隆,
1909,榮成,1904,正隆,
1904,正隆,1907,永豐餘,
1904,正隆,1907,永豐餘,
1905,華紙,1907,永豐餘,
1909,榮成,1907,永豐餘,
1904,正隆,1909,榮成,
1907,永豐餘,1909,榮成,
2006,東和鋼鐵,2002,中鋼,
2031,新光鋼,2006,東和鋼鐵,
2460,建通,2009,第一銅,
2006,東和鋼鐵,2027,大成鋼,
9958,世紀鋼,2031,新光鋼,
1536,和大,2049,上銀,
5392,能率,2049,上銀,
8374,羅昇,2049,上銀,
3376,新日興,2059,川湖,
2105,正新,2101,南港,
2204,中華,2201,裕隆,
2207,和泰車,2201,裕隆,
2207,和泰車,2206,三陽工業,
2201,裕隆,2207,和泰車,
2204,中華,2207,和泰車,
2204,中華,2207,和泰車,
2206,三陽工業,2207,和泰車,
2227,裕日車,2207,和泰車,
2227,裕日車,2207,和泰車,
2227,裕日車,2207,和泰車,
9958,世紀鋼,2208,台船,
9958,世紀鋼,2208,台船,
1533,車王電,2231,為升,
3552,同致,2231,為升,
4968,立積,2231,為升,
5309,系統電,2231,為升,
6285,啟碁,2231,為升,
3217,優群,2236,百達-KY,
2308,台達電,2301,光寶科,
2329,華泰,2301,光寶科,
2385,群光,2301,光寶科,
2387,精元,2301,光寶科,
2393,億光,2301,光寶科,
2457,飛宏,2301,光寶科,
2498,宏達電,2301,光寶科,
3026,禾伸堂,2301,光寶科,
3032,偉訓,2301,光寶科,
3078,僑威,2301,光寶科,
3211,順達,2301,光寶科,
5465,富驊,2301,光寶科,
5465,富驊,2301,光寶科,
6117,迎廣,2301,光寶科,
6121,新普,2301,光寶科,
6203,海韻電,2301,光寶科,
6275,元山,2301,光寶科,
8111,立碁,2301,光寶科,
8163,達方,2301,光寶科,
6282,康舒,2301,光寶科,
6282,康舒,2301,光寶科,
6412,群電,2301,光寶科,
6412,群電,2301,光寶科,
2330,台積電,2303,聯電,
5347,世界,2303,聯電,
5347,世界,2303,聯電,
5347,世界,2303,聯電,
5347,世界,2303,聯電,
1503,士電,2308,台達電,
1503,士電,2308,台達電,
1513,中興電,2308,台達電,
1515,力山,2308,台達電,
1519,華城,2308,台達電,
1533,車王電,2308,台達電,
1536,和大,2308,台達電,
1785,光洋科,2308,台達電,
2301,光寶科,2308,台達電,
2301,光寶科,2308,台達電,
2324,仁寶,2308,台達電,
2356,英業達,2308,台達電,
2359,所羅門,2308,台達電,
2371,大同,2308,台達電,
2375,凱美,2308,台達電,
2377,微星,2308,台達電,
2382,廣達,2308,台達電,
2385,群光,2308,台達電,
2392,正崴,2308,台達電,
2421,建準,2308,台達電,
2421,建準,2308,台達電,
2421,建準,2308,台達電,
2457,飛宏,2308,台達電,
2457,飛宏,2308,台達電,
2634,漢翔,2308,台達電,
3017,奇鋐,2308,台達電,
3023,信邦,2308,台達電,
3026,禾伸堂,2308,台達電,
3027,盛達,2308,台達電,
3027,盛達,2308,台達電,
3032,偉訓,2308,台達電,
3046,建碁,2308,台達電,
3078,僑威,2308,台達電,
3078,僑威,2308,台達電,
3162,精確,2308,台達電,
3211,順達,2308,台達電,
3231,緯創,2308,台達電,
3257,虹冠電,2308,台達電,
3260,威剛,2308,台達電,
3323,加百裕,2308,台達電,
3324,雙鴻,2308,台達電,
3483,力致,2308,台達電,
3576,聯合再生,2308,台達電,
3617,碩天,2308,台達電,
3617,碩天,2308,台達電,
3617,碩天,2308,台達電,
3673,TPK-KY,2308,台達電,
3689,湧德,2308,台達電,
3706,神達,2308,台達電,
5309,系統電,2308,台達電,
5465,富驊,2308,台達電,
6117,迎廣,2308,台達電,
6121,新普,2308,台達電,
6121,新普,2308,台達電,
6203,海韻電,2308,台達電,
6203,海韻電,2308,台達電,
6230,尼得科超眾,2308,台達電,
6275,元山,2308,台達電,
6409,旭隼,2308,台達電,
8038,長園科,2308,台達電,
8111,立碁,2308,台達電,
8111,立碁,2308,台達電,
8121,越峰,2308,台達電,
8163,達方,2308,台達電,
8374,羅昇,2308,台達電,
8374,羅昇,2308,台達電,
6282,康舒,2308,台達電,
6282,康舒,2308,台達電,
6282,康舒,2308,台達電,
6282,康舒,2308,台達電,
6412,群電,2308,台達電,
6412,群電,2308,台達電,
6412,群電,2308,台達電,
6414,樺漢,2308,台達電,
2312,金寶,2313,華通,
2355,敬鵬,2313,華通,
2367,燿華,2313,華通,
2368,金像電,2313,華通,
3037,欣興,2313,華通,
3044,健鼎,2313,華通,
3217,優群,2313,華通,
4927,泰鼎-KY,2313,華通,
5439,高技,2313,華通,
5469,瀚宇博,2313,華通,
6108,競國,2313,華通,
6191,精成科,2313,華通,
8046,南電,2313,華通,
2312,金寶,2317,鴻海,
2324,仁寶,2317,鴻海,
2324,仁寶,2317,鴻海,
2345,智邦,2317,鴻海,
2356,英業達,2317,鴻海,
2356,英業達,2317,鴻海,
2357,華碩,2317,鴻海,
2374,佳能,2317,鴻海,
2376,技嘉,2317,鴻海,
2382,廣達,2317,鴻海,
2382,廣達,2317,鴻海,
2392,正崴,2317,鴻海,
3213,茂訊,2317,鴻海,
3213,茂訊,2317,鴻海,
3217,優群,2317,鴻海,
3231,緯創,2317,鴻海,
3231,緯創,2317,鴻海,
3306,鼎天,2317,鴻海,
3515,華擎,2317,鴻海,
3533,嘉澤,2317,鴻海,
3533,嘉澤,2317,鴻海,
3665,貿聯-KY,2317,鴻海,
3665,貿聯-KY,2317,鴻海,
3706,神達,2317,鴻海,
3711,日月光投控,2317,鴻海,
4938,和碩,2317,鴻海,
4938,和碩,2317,鴻海,
5288,豐祥-KY,2317,鴻海,
5457,宣德,2317,鴻海,
5465,富驊,2317,鴻海,
6117,迎廣,2317,鴻海,
6143,振曜,2317,鴻海,
6278,台表科,2317,鴻海,
6669,緯穎,2317,鴻海,
8103,瀚荃,2317,鴻海,
8111,立碁,2317,鴻海,
8210,勤誠,2317,鴻海,
2312,金寶,2324,仁寶,
2317,鴻海,2324,仁寶,
2356,英業達,2324,仁寶,
2371,大同,2324,仁寶,
2382,廣達,2324,仁寶,
3231,緯創,2324,仁寶,
4938,和碩,2324,仁寶,
2428,興勤,2327,國巨*,
3026,禾伸堂,2327,國巨*,
3090,日電貿,2327,國巨*,
3152,璟德,2327,國巨*,
3152,璟德,2327,國巨*,
3624,光頡,2327,國巨*,
3624,光頡,2327,國巨*,
4927,泰鼎-KY,2327,國巨*,
4958,臻鼎-KY,2327,國巨*,
6155,鈞寶,2327,國巨*,
6173,信昌電,2327,國巨*,
6173,信昌電,2327,國巨*,
8042,金山電,2327,國巨*,
8121,越峰,2327,國巨*,
8163,達方,2327,國巨*,
,,2327,國巨*,
,,2327,國巨*,
3653,健策,2328,廣宇,
6197,佳必琪,2328,廣宇,
8110,華東,2329,華泰,
2303,聯電,2330,台積電,
2303,聯電,2330,台積電,
2303,聯電,2330,台積電,
2345,智邦,2330,台積電,
2363,矽統,2330,台積電,
3008,大立光,2330,台積電,
3016,嘉晶,2330,台積電,
3035,智原,2330,台積電,
3450,聯鈞,2330,台積電,
3481,群創,2330,台積電,
3587,閎康,2330,台積電,
3707,漢磊,2330,台積電,
3711,日月光投控,2330,台積電,
4908,前鼎,2330,台積電,
4977,眾達-KY,2330,台積電,
4979,華星光,2330,台積電,
4991,環宇-KY,2330,台積電,
5347,世界,2330,台積電,
6147,頎邦,2330,台積電,
6239,力成,2330,台積電,
6442,光聖,2330,台積電,
8046,南電,2330,台積電,
8111,立碁,2330,台積電,
6451,訊芯-KY,2330,台積電,
2345,智邦,2332,友訊,
3027,盛達,2332,友訊,
2344,華邦電,2337,旺宏,
2344,華邦電,2337,旺宏,
2344,華邦電,2337,旺宏,
3006,晶豪科,2337,旺宏,
5351,鈺創,2337,旺宏,
2363,矽統,2338,光罩,
3707,漢磊,2342,茂矽,
2337,旺宏,2344,華邦電,
2337,旺宏,2344,華邦電,
2337,旺宏,2344,華邦電,
2408,南亞科,2344,華邦電,
2408,南亞科,2344,華邦電,
3006,晶豪科,2344,華邦電,
3006,晶豪科,2344,華邦電,
5351,鈺創,2344,華邦電,
2368,金像電,2345,智邦,
3062,建漢,2345,智邦,
3380,明泰,2345,智邦,
3558,神準,2345,智邦,
5469,瀚宇博,2345,智邦,
8033,雷虎,2345,智邦,
5392,能率,2347,聯強,
,,2347,聯強,
2486,一詮,2351,順德,
8070,長華*,2351,順德,
2324,仁寶,2352,佳世達,
2387,精元,2352,佳世達,
3552,同致,2352,佳世達,
4915,致伸,2352,佳世達,
6143,振曜,2352,佳世達,
2474,可成,2354,鴻準,
2474,可成,2354,鴻準,
3017,奇鋐,2354,鴻準,
4532,瑞智,2354,鴻準,
6235,華孚,2354,鴻準,
6235,華孚,2354,鴻準,
2316,楠梓電,2355,敬鵬,
2367,燿華,2355,敬鵬,
2367,燿華,2355,敬鵬,
3044,健鼎,2355,敬鵬,
5469,瀚宇博,2355,敬鵬,
5469,瀚宇博,2355,敬鵬,
2312,金寶,2356,英業達,
2324,仁寶,2356,英業達,
2324,仁寶,2356,英業達,
2329,華泰,2356,英業達,
2382,廣達,2356,英業達,
2382,廣達,2356,英業達,
3231,緯創,2356,英業達,
4938,和碩,2356,英業達,
6278,台表科,2356,英業達,
6669,緯穎,2356,英業達,
6669,緯穎,2356,英業達,
8210,勤誠,2356,英業達,
2353,宏碁,2357,華碩,
2376,技嘉,2357,華碩,
2376,技嘉,2357,華碩,
2377,微星,2357,華碩,
2377,微星,2357,華碩,
2465,麗臺,2357,華碩,
2465,麗臺,2357,華碩,
3515,華擎,2357,華碩,
3515,華擎,2357,華碩,
3693,營邦,2357,華碩,
2374,佳能,2359,所羅門,
2388,威盛,2359,所羅門,
3059,華晶科,2359,所羅門,
6148,驊宏資,2359,所羅門,
8374,羅昇,2359,所羅門,
4545,銘鈺,2360,致茂,
2313,華通,2367,燿華,
2316,楠梓電,2367,燿華,
2355,敬鵬,2367,燿華,
2383,台光電,2367,燿華,
4927,泰鼎-KY,2367,燿華,
5439,高技,2367,燿華,
6108,競國,2367,燿華,
6153,嘉聯益,2367,燿華,
6191,精成科,2367,燿華,
6269,台郡,2367,燿華,
2313,華通,2368,金像電,
2316,楠梓電,2368,金像電,
3037,欣興,2368,金像電,
3044,健鼎,2368,金像電,
4927,泰鼎-KY,2368,金像電,
4958,臻鼎-KY,2368,金像電,
5439,高技,2368,金像電,
5469,瀚宇博,2368,金像電,
5469,瀚宇博,2368,金像電,
6278,台表科,2368,金像電,
8155,博智,2368,金像電,
2421,建準,2371,大同,
3260,威剛,2371,大同,
4903,聯光通,2371,大同,
3019,亞光,2374,佳能,
5392,能率,2374,佳能,
2472,立隆電,2375,凱美,
2472,立隆電,2375,凱美,
2472,立隆電,2375,凱美,
2472,立隆電,2375,凱美,
3090,日電貿,2375,凱美,
8042,金山電,2375,凱美,
8042,金山電,2375,凱美,
2357,華碩,2376,技嘉,
2357,華碩,2376,技嘉,
2377,微星,2376,技嘉,
2377,微星,2376,技嘉,
2465,麗臺,2376,技嘉,
2465,麗臺,2376,技嘉,
2465,麗臺,2376,技嘉,
3515,華擎,2376,技嘉,
3515,華擎,2376,技嘉,
3693,營邦,2376,技嘉,
2353,宏碁,2377,微星,
2357,華碩,2377,微星,
2376,技嘉,2377,微星,
2376,技嘉,2377,微星,
2401,凌陽,2377,微星,
2465,麗臺,2377,微星,
2465,麗臺,2377,微星,
3515,華擎,2377,微星,
3515,華擎,2377,微星,
3693,營邦,2377,微星,
2401,凌陽,2379,瑞昱,
2401,凌陽,2379,瑞昱,
2401,凌陽,2379,瑞昱,
2436,偉詮電,2379,瑞昱,
3006,晶豪科,2379,瑞昱,
3014,聯陽,2379,瑞昱,
3034,聯詠,2379,瑞昱,
3034,聯詠,2379,瑞昱,
3141,晶宏,2379,瑞昱,
3661,世芯-KY,2379,瑞昱,
4966,譜瑞-KY,2379,瑞昱,
4966,譜瑞-KY,2379,瑞昱,
4968,立積,2379,瑞昱,
5269,祥碩,2379,瑞昱,
5274,信驊,2379,瑞昱,
5351,鈺創,2379,瑞昱,
6104,創惟,2379,瑞昱,
6104,創惟,2379,瑞昱,
6104,創惟,2379,瑞昱,
6104,創惟,2379,瑞昱,
2317,鴻海,2382,廣達,
2317,鴻海,2382,廣達,
2324,仁寶,2382,廣達,
2324,仁寶,2382,廣達,
2324,仁寶,2382,廣達,
2329,華泰,2382,廣達,
2345,智邦,2382,廣達,
2356,英業達,2382,廣達,
2356,英業達,2382,廣達,
2357,華碩,2382,廣達,
2371,大同,2382,廣達,
2376,技嘉,2382,廣達,
3231,緯創,2382,廣達,
3231,緯創,2382,廣達,
3231,緯創,2382,廣達,
3380,明泰,2382,廣達,
3413,京鼎,2382,廣達,
3515,華擎,2382,廣達,
3693,營邦,2382,廣達,
3706,神達,2382,廣達,
4938,和碩,2382,廣達,
4938,和碩,2382,廣達,
4938,和碩,2382,廣達,
4958,臻鼎-KY,2382,廣達,
5457,宣德,2382,廣達,
6278,台表科,2382,廣達,
6669,緯穎,2382,廣達,
6669,緯穎,2382,廣達,
6456,GIS-KY,2382,廣達,
,,2382,廣達,
2367,燿華,2383,台光電,
5439,高技,2383,台光電,
5498,凱崴,2383,台光電,
6108,競國,2383,台光電,
6191,精成科,2383,台光電,
2374,佳能,2385,群光,
2387,精元,2385,群光,
2387,精元,2385,群光,
2387,精元,2385,群光,
3362,先進光,2385,群光,
4915,致伸,2385,群光,
8163,達方,2385,群光,
2385,群光,2387,精元,
8163,達方,2387,精元,
2458,義隆,2388,威盛,
3228,金麗科,2388,威盛,
3306,鼎天,2388,威盛,
3706,神達,2388,威盛,
2402,毅嘉,2392,正崴,
3338,泰碩,2392,正崴,
3653,健策,2392,正崴,
5457,宣德,2392,正崴,
6197,佳必琪,2392,正崴,
2301,光寶科,2393,億光,
2486,一詮,2393,億光,
4956,光鋐,2393,億光,
8111,立碁,2393,億光,
8111,立碁,2393,億光,
1229,聯華,2395,研華,
2328,廣宇,2395,研華,
2352,佳世達,2395,研華,
2359,所羅門,2395,研華,
2377,微星,2395,研華,
2382,廣達,2395,研華,
2388,威盛,2395,研華,
2409,友達,2395,研華,
2471,資通,2395,研華,
3022,威強電,2395,研華,
3022,威強電,2395,研華,
3027,盛達,2395,研華,
3046,建碁,2395,研華,
3046,建碁,2395,研華,
3059,華晶科,2395,研華,
3059,華晶科,2395,研華,
3306,鼎天,2395,研華,
3413,京鼎,2395,研華,
3416,融程電,2395,研華,
3416,融程電,2395,研華,
3481,群創,2395,研華,
3515,華擎,2395,研華,
3558,神準,2395,研華,
3563,牧德,2395,研華,
3596,智易,2395,研華,
3687,歐買尬,2395,研華,
3693,營邦,2395,研華,
3706,神達,2395,研華,
4916,事欣科,2395,研華,
5289,宜鼎,2395,研華,
5309,系統電,2395,研華,
5443,均豪,2395,研華,
6143,振曜,2395,研華,
6245,立端,2395,研華,
6245,立端,2395,研華,
6245,立端,2395,研華,
6245,立端,2395,研華,
6409,旭隼,2395,研華,
8050,廣積,2395,研華,
8050,廣積,2395,研華,
8050,廣積,2395,研華,
8114,振樺電,2395,研華,
8114,振樺電,2395,研華,
8155,博智,2395,研華,
8210,勤誠,2395,研華,
,,2395,研華,
,,2395,研華,
6412,群電,2395,研華,
6414,樺漢,2395,研華,
6414,樺漢,2395,研華,
3014,聯陽,2401,凌陽,
3227,原相,2401,凌陽,
6153,嘉聯益,2402,毅嘉,
3131,弘塑,2404,漢唐,
3583,辛耘,2404,漢唐,
3665,貿聯-KY,2404,漢唐,
5434,崇越,2404,漢唐,
6139,亞翔,2404,漢唐,
6196,帆宣,2404,漢唐,
9933,中鼎,2404,漢唐,
6414,樺漢,2404,漢唐,
2344,華邦電,2408,南亞科,
3006,晶豪科,2408,南亞科,
3481,群創,2409,友達,
3481,群創,2409,友達,
3481,群創,2409,友達,
3481,群創,2409,友達,
3576,聯合再生,2409,友達,
6176,瑞儀,2409,友達,
3045,台灣大,2412,中華電,
4904,遠傳,2412,中華電,
2375,凱美,2421,建準,
3017,奇鋐,2421,建準,
3338,泰碩,2421,建準,
3483,力致,2421,建準,
6230,尼得科超眾,2421,建準,
6275,元山,2421,建準,
6275,元山,2421,建準,
6275,元山,2421,建準,
,,2428,興勤,
3014,聯陽,2436,偉詮電,
3257,虹冠電,2436,偉詮電,
3588,通嘉,2436,偉詮電,
6138,茂達,2436,偉詮電,
2465,麗臺,2439,美律,
4915,致伸,2439,美律,
3265,台星科,2441,超豐,
6147,頎邦,2441,超豐,
8110,華東,2441,超豐,
3264,欣銓,2449,京元電子,
3264,欣銓,2449,京元電子,
3265,台星科,2449,京元電子,
3374,精材,2449,京元電子,
6239,力成,2449,京元電子,
6257,矽格,2449,京元電子,
6257,矽格,2449,京元電子,
6257,矽格,2449,京元電子,
8110,華東,2449,京元電子,
2347,聯強,2450,神腦,
3260,威剛,2451,創見,
3260,威剛,2451,創見,
5289,宜鼎,2451,創見,
8271,宇瞻,2451,創見,
2379,瑞昱,2454,聯發科,
3034,聯詠,2454,聯發科,
5269,祥碩,2454,聯發科,
3081,聯亞,2455,全新,
3105,穩懋,2455,全新,
3152,璟德,2455,全新,
4971,IET-KY,2455,全新,
4971,IET-KY,2455,全新,
4979,華星光,2455,全新,
4991,環宇-KY,2455,全新,
2377,微星,2457,飛宏,
3046,建碁,2457,飛宏,
3078,僑威,2457,飛宏,
6282,康舒,2457,飛宏,
,,2457,飛宏,
2363,矽統,2458,義隆,
2467,志聖,2464,盟立,
2493,揚博,2464,盟立,
3413,京鼎,2464,盟立,
4545,銘鈺,2464,盟立,
5392,能率,2464,盟立,
5443,均豪,2464,盟立,
5443,均豪,2464,盟立,
6125,廣運,2464,盟立,
6125,廣運,2464,盟立,
6188,廣明,2464,盟立,
,,2464,盟立,
2493,揚博,2467,志聖,
2493,揚博,2467,志聖,
3037,欣興,2467,志聖,
3131,弘塑,2467,志聖,
3189,景碩,2467,志聖,
3535,晶彩科,2467,志聖,
6187,萬潤,2467,志聖,
6187,萬潤,2467,志聖,
8070,長華*,2467,志聖,
,,2467,志聖,
2480,敦陽科,2471,資通,
2612,中航,2471,資通,
5201,凱衛,2471,資通,
,,2471,資通,
2375,凱美,2472,立隆電,
3090,日電貿,2472,立隆電,
8042,金山電,2472,立隆電,
8042,金山電,2472,立隆電,
8042,金山電,2472,立隆電,
6449,鈺邦,2472,立隆電,
2354,鴻準,2474,可成,
3005,神基,2474,可成,
6235,華孚,2474,可成,
6235,華孚,2474,可成,
,,2474,可成,
1229,聯華,2480,敦陽科,
2450,神腦,2480,敦陽科,
6148,驊宏資,2480,敦陽科,
6214,精誠,2480,敦陽科,
2342,茂矽,2481,強茂,
3675,德微,2481,強茂,
3675,德微,2481,強茂,
3707,漢磊,2481,強茂,
5425,台半,2481,強茂,
5425,台半,2481,強茂,
3653,健策,2486,一詮,
2327,國巨*,2492,華新科,
2428,興勤,2492,華新科,
3026,禾伸堂,2492,華新科,
6173,信昌電,2492,華新科,
6173,信昌電,2492,華新科,
8163,達方,2492,華新科,
3306,鼎天,2497,怡利電,
2548,華固,2501,國建,
5522,遠雄,2501,國建,
5534,長虹,2501,國建,
1532,勤美,2548,華固,
2101,南港,2548,華固,
2348,海悅,2548,華固,
2501,國建,2548,華固,
5522,遠雄,2548,華固,
5522,遠雄,2548,華固,
5534,長虹,2548,華固,
5534,長虹,2548,華固,
9945,潤泰新,2548,華固,
2609,陽明,2603,長榮,
2615,萬海,2603,長榮,
2606,裕民,2605,新興,
2606,裕民,2605,新興,
2612,中航,2605,新興,
2637,慧洋-KY,2605,新興,
5608,四維航,2605,新興,
2605,新興,2606,裕民,
2612,中航,2606,裕民,
2637,慧洋-KY,2606,裕民,
5608,四維航,2606,裕民,
2603,長榮,2609,陽明,
2615,萬海,2609,陽明,
2618,長榮航,2610,華航,
2618,長榮航,2610,華航,
2618,長榮航,2610,華航,
1102,亞泥,2612,中航,
2605,新興,2612,中航,
2606,裕民,2612,中航,
2603,長榮,2615,萬海,
2609,陽明,2615,萬海,
2610,華航,2618,長榮航,
2610,華航,2618,長榮航,
2610,華航,2618,長榮航,
2610,華航,2634,漢翔,
3004,豐達科,2634,漢翔,
3491,昇達科,2634,漢翔,
3680,家登,2634,漢翔,
4541,晟田,2634,漢翔,
4903,聯光通,2634,漢翔,
4916,事欣科,2634,漢翔,
5314,世紀*,2634,漢翔,
8222,寶一,2634,漢翔,
8222,寶一,2634,漢翔,
8383,千附,2634,漢翔,
1102,亞泥,2637,慧洋-KY,
2605,新興,2637,慧洋-KY,
2606,裕民,2637,慧洋-KY,
5608,四維航,2637,慧洋-KY,
5608,四維航,2637,慧洋-KY,
2501,國建,2707,晶華,
1210,大成,2727,王品,
1215,卜蜂,2727,王品,
2618,長榮航,2727,王品,
5903,全家,2727,王品,
5607,遠雄港,2731,雄獅,
5607,遠雄港,2731,雄獅,
5706,鳳凰,2731,雄獅,
5706,鳳凰,2731,雄獅,
5706,鳳凰,2731,雄獅,
2707,晶華,2801,彰銀,
2880,華南金,2801,彰銀,
2887,台新新光金,2801,彰銀,
2892,第一金,2801,彰銀,
5876,上海商銀,2801,彰銀,
2881,富邦金,2851,中再保,
2882,國泰金,2851,中再保,
2801,彰銀,2880,華南金,
2884,玉山金,2880,華南金,
2892,第一金,2880,華南金,
5876,上海商銀,2880,華南金,
5880,合庫金,2880,華南金,
1722,台肥,2881,富邦金,
2882,國泰金,2881,富邦金,
2882,國泰金,2881,富邦金,
2883,凱基金,2881,富邦金,
2885,元大金,2881,富邦金,
2886,兆豐金,2881,富邦金,
2887,台新新光金,2881,富邦金,
2891,中信金,2881,富邦金,
2915,潤泰全,2881,富邦金,
5880,合庫金,2881,富邦金,
9904,寶成,2881,富邦金,
9945,潤泰新,2881,富邦金,
2881,富邦金,2882,國泰金,
2883,凱基金,2882,國泰金,
2884,玉山金,2882,國泰金,
2885,元大金,2882,國泰金,
2886,兆豐金,2882,國泰金,
2887,台新新光金,2882,國泰金,
2890,永豐金,2882,國泰金,
2891,中信金,2882,國泰金,
2891,中信金,2882,國泰金,
2915,潤泰全,2882,國泰金,
5880,合庫金,2882,國泰金,
9904,寶成,2882,國泰金,
9945,潤泰新,2882,國泰金,
2885,元大金,2883,凱基金,
2886,兆豐金,2883,凱基金,
2887,台新新光金,2883,凱基金,
2887,台新新光金,2883,凱基金,
2890,永豐金,2883,凱基金,
2891,中信金,2883,凱基金,
2891,中信金,2883,凱基金,
2801,彰銀,2884,玉山金,
2880,華南金,2884,玉山金,
2880,華南金,2884,玉山金,
2881,富邦金,2884,玉山金,
2882,國泰金,2884,玉山金,
2883,凱基金,2884,玉山金,
2886,兆豐金,2884,玉山金,
2887,台新新光金,2884,玉山金,
2890,永豐金,2884,玉山金,
2890,永豐金,2884,玉山金,
2891,中信金,2884,玉山金,
2892,第一金,2884,玉山金,
2892,第一金,2884,玉山金,
5876,上海商銀,2884,玉山金,
5880,合庫金,2884,玉山金,
2880,華南金,2885,元大金,
2881,富邦金,2885,元大金,
2882,國泰金,2885,元大金,
2883,凱基金,2885,元大金,
2884,玉山金,2885,元大金,
2886,兆豐金,2885,元大金,
2887,台新新光金,2885,元大金,
2890,永豐金,2885,元大金,
2891,中信金,2885,元大金,
2892,第一金,2885,元大金,
2801,彰銀,2886,兆豐金,
2801,彰銀,2886,兆豐金,
2880,華南金,2886,兆豐金,
2880,華南金,2886,兆豐金,
2884,玉山金,2886,兆豐金,
2885,元大金,2886,兆豐金,
2887,台新新光金,2886,兆豐金,
2890,永豐金,2886,兆豐金,
2890,永豐金,2886,兆豐金,
2891,中信金,2886,兆豐金,
2892,第一金,2886,兆豐金,
2892,第一金,2886,兆豐金,
5876,上海商銀,2886,兆豐金,
5880,合庫金,2886,兆豐金,
5880,合庫金,2886,兆豐金,
2883,凱基金,2887,台新新光金,
2886,兆豐金,2887,台新新光金,
5880,合庫金,2887,台新新光金,
2880,華南金,2890,永豐金,
2881,富邦金,2890,永豐金,
2882,國泰金,2890,永豐金,
2884,玉山金,2890,永豐金,
2885,元大金,2890,永豐金,
2886,兆豐金,2890,永豐金,
2887,台新新光金,2890,永豐金,
2880,華南金,2891,中信金,
2880,華南金,2891,中信金,
2881,富邦金,2891,中信金,
2882,國泰金,2891,中信金,
2883,凱基金,2891,中信金,
2884,玉山金,2891,中信金,
2884,玉山金,2891,中信金,
2885,元大金,2891,中信金,
2886,兆豐金,2891,中信金,
2886,兆豐金,2891,中信金,
2887,台新新光金,2891,中信金,
2887,台新新光金,2891,中信金,
2890,永豐金,2891,中信金,
2890,永豐金,2891,中信金,
2892,第一金,2891,中信金,
2892,第一金,2891,中信金,
5876,上海商銀,2891,中信金,
5876,上海商銀,2891,中信金,
5880,合庫金,2891,中信金,
5880,合庫金,2891,中信金,
5880,合庫金,2891,中信金,
2801,彰銀,2892,第一金,
2801,彰銀,2892,第一金,
2880,華南金,2892,第一金,
2884,玉山金,2892,第一金,
2885,元大金,2892,第一金,
2886,兆豐金,2892,第一金,
2887,台新新光金,2892,第一金,
2890,永豐金,2892,第一金,
2891,中信金,2892,第一金,
5880,合庫金,2892,第一金,
5880,合庫金,2892,第一金,
2915,潤泰全,2903,遠百,
2915,潤泰全,2912,統一超,
5903,全家,2912,統一超,
8044,網家,2912,統一超,
9917,中保科,2912,統一超,
2460,建通,3003,健和興,
2460,建通,3003,健和興,
3023,信邦,3003,健和興,
3005,神基,3004,豐達科,
3416,融程電,3005,神基,
2401,凌陽,3006,晶豪科,
5351,鈺創,3006,晶豪科,
3019,亞光,3008,大立光,
3019,亞光,3008,大立光,
3362,先進光,3008,大立光,
3406,玉晶光,3008,大立光,
3406,玉晶光,3008,大立光,
3406,玉晶光,3008,大立光,
6209,今國光,3008,大立光,
3017,奇鋐,3013,晟銘電,
3023,信邦,3013,晟銘電,
3032,偉訓,3013,晟銘電,
4919,新唐,3014,聯陽,
5269,祥碩,3014,聯陽,
2342,茂矽,3016,嘉晶,
3707,漢磊,3016,嘉晶,
5425,台半,3016,嘉晶,
6125,廣運,3016,嘉晶,
8261,富鼎,3016,嘉晶,
2233,宇隆,3017,奇鋐,
2301,光寶科,3017,奇鋐,
2351,順德,3017,奇鋐,
2354,鴻準,3017,奇鋐,
2375,凱美,3017,奇鋐,
2402,毅嘉,3017,奇鋐,
2421,建準,3017,奇鋐,
3023,信邦,3017,奇鋐,
3324,雙鴻,3017,奇鋐,
3324,雙鴻,3017,奇鋐,
3338,泰碩,3017,奇鋐,
3338,泰碩,3017,奇鋐,
3483,力致,3017,奇鋐,
3483,力致,3017,奇鋐,
3653,健策,3017,奇鋐,
6117,迎廣,3017,奇鋐,
6125,廣運,3017,奇鋐,
6230,尼得科超眾,3017,奇鋐,
6230,尼得科超眾,3017,奇鋐,
6275,元山,3017,奇鋐,
6669,緯穎,3017,奇鋐,
8210,勤誠,3017,奇鋐,
8996,高力,3017,奇鋐,
2374,佳能,3019,亞光,
2374,佳能,3019,亞光,
3008,大立光,3019,亞光,
3059,華晶科,3019,亞光,
3362,先進光,3019,亞光,
3362,先進光,3019,亞光,
3406,玉晶光,3019,亞光,
3406,玉晶光,3019,亞光,
3552,同致,3019,亞光,
4915,致伸,3019,亞光,
6209,今國光,3019,亞光,
6209,今國光,3019,亞光,
6209,今國光,3019,亞光,
3027,盛達,3022,威強電,
3046,建碁,3022,威強電,
3078,僑威,3022,威強電,
3515,華擎,3022,威強電,
2328,廣宇,3023,信邦,
3003,健和興,3023,信邦,
3090,日電貿,3026,禾伸堂,
3162,精確,3027,盛達,
3576,聯合再生,3027,盛達,
3535,晶彩科,3030,德律,
6187,萬潤,3030,德律,
3078,僑威,3032,偉訓,
5465,富驊,3032,偉訓,
6117,迎廣,3032,偉訓,
2379,瑞昱,3034,聯詠,
2401,凌陽,3034,聯詠,
2436,偉詮電,3034,聯詠,
3141,晶宏,3034,聯詠,
3545,敦泰,3034,聯詠,
3545,敦泰,3034,聯詠,
3545,敦泰,3034,聯詠,
4966,譜瑞-KY,3034,聯詠,
4966,譜瑞-KY,3034,聯詠,
8016,矽創,3034,聯詠,
8016,矽創,3034,聯詠,
8081,致新,3034,聯詠,
2338,光罩,3035,智原,
2363,矽統,3035,智原,
2363,矽統,3035,智原,
2388,威盛,3035,智原,
3034,聯詠,3035,智原,
3228,金麗科,3035,智原,
3443,創意,3035,智原,
3443,創意,3035,智原,
3661,世芯-KY,3035,智原,
8054,安國,3035,智原,
6462,神盾,3035,智原,
1229,聯華,3036,文曄,
2436,偉詮電,3036,文曄,
3026,禾伸堂,3036,文曄,
3090,日電貿,3036,文曄,
3090,日電貿,3036,文曄,
3090,日電貿,3036,文曄,
3702,大聯大,3036,文曄,
3702,大聯大,3036,文曄,
3702,大聯大,3036,文曄,
4938,和碩,3036,文曄,
1303,南亞,3037,欣興,
2313,華通,3037,欣興,
2316,楠梓電,3037,欣興,
2316,楠梓電,3037,欣興,
2355,敬鵬,3037,欣興,
2367,燿華,3037,欣興,
2368,金像電,3037,欣興,
3044,健鼎,3037,欣興,
3044,健鼎,3037,欣興,
3189,景碩,3037,欣興,
3189,景碩,3037,欣興,
3189,景碩,3037,欣興,
4958,臻鼎-KY,3037,欣興,
8046,南電,3037,欣興,
8046,南電,3037,欣興,
8046,南電,3037,欣興,
8046,南電,3037,欣興,
8155,博智,3037,欣興,
8155,博智,3037,欣興,
2313,華通,3044,健鼎,
2316,楠梓電,3044,健鼎,
2355,敬鵬,3044,健鼎,
2367,燿華,3044,健鼎,
2367,燿華,3044,健鼎,
2368,金像電,3044,健鼎,
2368,金像電,3044,健鼎,
2450,神腦,3044,健鼎,
3037,欣興,3044,健鼎,
4927,泰鼎-KY,3044,健鼎,
4958,臻鼎-KY,3044,健鼎,
5469,瀚宇博,3044,健鼎,
5469,瀚宇博,3044,健鼎,
5469,瀚宇博,3044,健鼎,
8046,南電,3044,健鼎,
8155,博智,3044,健鼎,
2412,中華電,3045,台灣大,
2412,中華電,3045,台灣大,
2412,中華電,3045,台灣大,
4904,遠傳,3045,台灣大,
8050,廣積,3046,建碁,
2374,佳能,3059,華晶科,
2385,群光,3059,華晶科,
3231,緯創,3059,華晶科,
5392,能率,3059,華晶科,
6203,海韻電,3078,僑威,
3105,穩懋,3081,聯亞,
3163,波若威,3081,聯亞,
4971,IET-KY,3081,聯亞,
4991,環宇-KY,3081,聯亞,
5434,崇越,3090,日電貿,
3707,漢磊,3105,穩懋,
4991,環宇-KY,3105,穩懋,
8086,宏捷科,3105,穩懋,
8086,宏捷科,3105,穩懋,
8086,宏捷科,3105,穩懋,
8086,宏捷科,3105,穩懋,
2467,志聖,3131,弘塑,
2493,揚博,3131,弘塑,
3413,京鼎,3131,弘塑,
3583,辛耘,3131,弘塑,
3680,家登,3131,弘塑,
5443,均豪,3131,弘塑,
6187,萬潤,3131,弘塑,
8374,羅昇,3131,弘塑,
3014,聯陽,3141,晶宏,
8016,矽創,3141,晶宏,
3005,神基,3162,精確,
5243,乙盛-KY,3162,精確,
5457,宣德,3162,精確,
6235,華孚,3162,精確,
3019,亞光,3163,波若威,
3548,兆利,3163,波若威,
4908,前鼎,3163,波若威,
4908,前鼎,3163,波若威,
6442,光聖,3163,波若威,
2313,華通,3189,景碩,
3037,欣興,3189,景碩,
8046,南電,3189,景碩,
2439,美律,3211,順達,
3323,加百裕,3211,順達,
3323,加百裕,3211,順達,
6121,新普,3211,順達,
6121,新普,3211,順達,
8038,長園科,3211,順達,
8103,瀚荃,3217,優群,
5312,寶島科,3218,大學光,
8054,安國,3227,原相,
2312,金寶,3231,緯創,
2317,鴻海,3231,緯創,
2324,仁寶,3231,緯創,
2356,英業達,3231,緯創,
2377,微星,3231,緯創,
2382,廣達,3231,緯創,
4938,和碩,3231,緯創,
5457,宣德,3231,緯創,
6278,台表科,3231,緯創,
8110,華東,3231,緯創,
8110,華東,3231,緯創,
8110,華東,3231,緯創,
8150,南茂,3231,緯創,
2451,創見,3260,威剛,
5289,宜鼎,3260,威剛,
8271,宇瞻,3260,威剛,
8271,宇瞻,3260,威剛,
8299,群聯,3260,威剛,
2441,超豐,3264,欣銓,
2449,京元電子,3264,欣銓,
2449,京元電子,3264,欣銓,
3265,台星科,3264,欣銓,
3289,宜特,3264,欣銓,
3374,精材,3264,欣銓,
3450,聯鈞,3265,台星科,
3587,閎康,3289,宜特,
3587,閎康,3289,宜特,
5478,智冠,3293,鈊象,
3380,明泰,3306,鼎天,
3211,順達,3323,加百裕,
3211,順達,3323,加百裕,
6121,新普,3323,加百裕,
2233,宇隆,3324,雙鴻,
2301,光寶科,3324,雙鴻,
2351,順德,3324,雙鴻,
2354,鴻準,3324,雙鴻,
2375,凱美,3324,雙鴻,
2402,毅嘉,3324,雙鴻,
2421,建準,3324,雙鴻,
3013,晟銘電,3324,雙鴻,
3017,奇鋐,3324,雙鴻,
3017,奇鋐,3324,雙鴻,
3023,信邦,3324,雙鴻,
3338,泰碩,3324,雙鴻,
3483,力致,3324,雙鴻,
3483,力致,3324,雙鴻,
3483,力致,3324,雙鴻,
3653,健策,3324,雙鴻,
6117,迎廣,3324,雙鴻,
6125,廣運,3324,雙鴻,
6230,尼得科超眾,3324,雙鴻,
6230,尼得科超眾,3324,雙鴻,
6669,緯穎,3324,雙鴻,
8210,勤誠,3324,雙鴻,
8996,高力,3324,雙鴻,
3483,力致,3338,泰碩,
3380,明泰,3356,奇偶,
3454,晶睿,3356,奇偶,
3454,晶睿,3356,奇偶,
3479,安勤,3356,奇偶,
3479,安勤,3356,奇偶,
3008,大立光,3362,先進光,
3030,德律,3362,先進光,
3406,玉晶光,3362,先進光,
6209,今國光,3362,先進光,
6147,頎邦,3374,精材,
6271,同欣電,3374,精材,
8150,南茂,3374,精材,
2439,美律,3376,新日興,
3013,晟銘電,3376,新日興,
3548,兆利,3376,新日興,
3548,兆利,3376,新日興,
3548,兆利,3376,新日興,
3062,建漢,3380,明泰,
4906,正文,3380,明泰,
5388,中磊,3380,明泰,
3008,大立光,3406,玉晶光,
3008,大立光,3406,玉晶光,
3019,亞光,3406,玉晶光,
5371,中光電,3406,玉晶光,
6176,瑞儀,3406,玉晶光,
6209,今國光,3406,玉晶光,
6456,GIS-KY,3406,玉晶光,
1536,和大,3413,京鼎,
2474,可成,3413,京鼎,
4541,晟田,3413,京鼎,
6196,帆宣,3413,京鼎,
8383,千附,3413,京鼎,
3306,鼎天,3416,融程電,
2363,矽統,3443,創意,
2388,威盛,3443,創意,
3034,聯詠,3443,創意,
3035,智原,3443,創意,
3035,智原,3443,創意,
3035,智原,3443,創意,
3228,金麗科,3443,創意,
3661,世芯-KY,3443,創意,
3661,世芯-KY,3443,創意,
8054,安國,3443,創意,
6462,神盾,3443,創意,
4908,前鼎,3450,聯鈞,
4977,眾達-KY,3450,聯鈞,
4979,華星光,3450,聯鈞,
2374,佳能,3454,晶睿,
2385,群光,3454,晶睿,
3356,奇偶,3454,晶睿,
3356,奇偶,3454,晶睿,
3380,明泰,3454,晶睿,
3515,華擎,3479,安勤,
3693,營邦,3479,安勤,
2409,友達,3481,群創,
3576,聯合再生,3481,群創,
6176,瑞儀,3481,群創,
6187,萬潤,3481,群創,
6239,力成,3481,群創,
2421,建準,3483,力致,
3324,雙鴻,3483,力致,
4163,鐿鈦,3491,昇達科,
4906,正文,3491,昇達科,
4927,泰鼎-KY,3491,昇達科,
2376,技嘉,3515,華擎,
3552,同致,3515,華擎,
3558,神準,3515,華擎,
3596,智易,3515,華擎,
6182,合晶,3532,台勝科,
6182,合晶,3532,台勝科,
6488,環球晶,3532,台勝科,
3213,茂訊,3533,嘉澤,
3217,優群,3533,嘉澤,
3217,優群,3533,嘉澤,
3217,優群,3533,嘉澤,
3338,泰碩,3533,嘉澤,
3653,健策,3533,嘉澤,
3665,貿聯-KY,3533,嘉澤,
3689,湧德,3533,嘉澤,
6197,佳必琪,3533,嘉澤,
8103,瀚荃,3533,嘉澤,
3563,牧德,3535,晶彩科,
3563,牧德,3535,晶彩科,
2363,矽統,3545,敦泰,
2458,義隆,3545,敦泰,
2458,義隆,3545,敦泰,
3362,先進光,3545,敦泰,
8016,矽創,3545,敦泰,
8016,矽創,3545,敦泰,
3376,新日興,3548,兆利,
3376,新日興,3548,兆利,
1533,車王電,3552,同致,
2231,為升,3552,同致,
2497,怡利電,3552,同致,
3059,華晶科,3552,同致,
6285,啟碁,3552,同致,
3704,合勤控,3558,神準,
4903,聯光通,3558,神準,
3535,晶彩科,3563,牧德,
3535,晶彩科,3563,牧德,
3673,TPK-KY,3576,聯合再生,
4934,太極,3576,聯合再生,
5483,中美晶,3576,聯合再生,
6125,廣運,3576,聯合再生,
1560,中砂,3583,辛耘,
3131,弘塑,3583,辛耘,
3131,弘塑,3583,辛耘,
3680,家登,3583,辛耘,
5443,均豪,3583,辛耘,
3289,宜特,3587,閎康,
3289,宜特,3587,閎康,
3289,宜特,3587,閎康,
3062,建漢,3596,智易,
3380,明泰,3596,智易,
3704,合勤控,3596,智易,
4903,聯光通,3596,智易,
4906,正文,3596,智易,
5388,中磊,3596,智易,
6285,啟碁,3596,智易,
6285,啟碁,3596,智易,
3376,新日興,3617,碩天,
2486,一詮,3653,健策,
2363,矽統,3661,世芯-KY,
2388,威盛,3661,世芯-KY,
2454,聯發科,3661,世芯-KY,
3034,聯詠,3661,世芯-KY,
3035,智原,3661,世芯-KY,
3035,智原,3661,世芯-KY,
3228,金麗科,3661,世芯-KY,
3443,創意,3661,世芯-KY,
3443,創意,3661,世芯-KY,
8054,安國,3661,世芯-KY,
6462,神盾,3661,世芯-KY,
2328,廣宇,3665,貿聯-KY,
2392,正崴,3665,貿聯-KY,
3003,健和興,3665,貿聯-KY,
3023,信邦,3665,貿聯-KY,
3023,信邦,3665,貿聯-KY,
3023,信邦,3665,貿聯-KY,
3023,信邦,3665,貿聯-KY,
3533,嘉澤,3665,貿聯-KY,
3689,湧德,3665,貿聯-KY,
3689,湧德,3665,貿聯-KY,
5457,宣德,3665,貿聯-KY,
6197,佳必琪,3665,貿聯-KY,
6197,佳必琪,3665,貿聯-KY,
6217,中探針,3665,貿聯-KY,
8103,瀚荃,3665,貿聯-KY,
8103,瀚荃,3665,貿聯-KY,
,,3665,貿聯-KY,
,,3665,貿聯-KY,
,,3665,貿聯-KY,
6456,GIS-KY,3673,TPK-KY,
2481,強茂,3675,德微,
5425,台半,3675,德微,
5425,台半,3675,德微,
,,3675,德微,
3413,京鼎,3680,家登,
3017,奇鋐,3693,營邦,
3032,偉訓,3693,營邦,
5243,乙盛-KY,3693,營邦,
5465,富驊,3693,營邦,
6117,迎廣,3693,營邦,
8210,勤誠,3693,營邦,
1229,聯華,3702,大聯大,
2347,聯強,3702,大聯大,
2359,所羅門,3702,大聯大,
2436,偉詮電,3702,大聯大,
2450,神腦,3702,大聯大,
3026,禾伸堂,3702,大聯大,
3036,文曄,3702,大聯大,
3036,文曄,3702,大聯大,
3036,文曄,3702,大聯大,
3036,文曄,3702,大聯大,
3090,日電貿,3702,大聯大,
3090,日電貿,3702,大聯大,
3090,日電貿,3702,大聯大,
3090,日電貿,3702,大聯大,
4123,晟德,3702,大聯大,
5392,能率,3702,大聯大,
3558,神準,3704,合勤控,
4906,正文,3704,合勤控,
6285,啟碁,3704,合勤控,
3306,鼎天,3706,神達,
3306,鼎天,3706,神達,
2342,茂矽,3707,漢磊,
2481,強茂,3707,漢磊,
3264,欣銓,3707,漢磊,
4934,太極,3707,漢磊,
4971,IET-KY,3707,漢磊,
4991,環宇-KY,3707,漢磊,
5425,台半,3707,漢磊,
5483,中美晶,3707,漢磊,
6125,廣運,3707,漢磊,
6138,茂達,3707,漢磊,
6182,合晶,3707,漢磊,
6257,矽格,3707,漢磊,
8261,富鼎,3707,漢磊,
3576,聯合再生,3708,上緯投控,
2303,聯電,3711,日月光投控,
2330,台積電,3711,日月光投控,
2441,超豐,3711,日月光投控,
2441,超豐,3711,日月光投控,
2449,京元電子,3711,日月光投控,
2449,京元電子,3711,日月光投控,
2449,京元電子,3711,日月光投控,
3189,景碩,3711,日月光投控,
3265,台星科,3711,日月光投控,
3265,台星科,3711,日月光投控,
3374,精材,3711,日月光投控,
3374,精材,3711,日月光投控,
3450,聯鈞,3711,日月光投控,
3450,聯鈞,3711,日月光投控,
3481,群創,3711,日月光投控,
6147,頎邦,3711,日月光投控,
6147,頎邦,3711,日月光投控,
6239,力成,3711,日月光投控,
6239,力成,3711,日月光投控,
6257,矽格,3711,日月光投控,
6274,台燿,3711,日月光投控,
6274,台燿,3711,日月光投控,
8110,華東,3711,日月光投控,
8111,立碁,3711,日月光投控,
8150,南茂,3711,日月光投控,
6451,訊芯-KY,3711,日月光投控,
4164,承業醫,4104,佳醫,
4175,杏一,4104,佳醫,
1720,生達,4105,東洋,
4114,健喬,4105,東洋,
4142,國光生,4105,東洋,
4175,杏一,4106,雃博,
4126,太醫,4107,邦特,
4545,銘鈺,4107,邦特,
1720,生達,4114,健喬,
4107,邦特,4126,太醫,
2474,可成,4129,聯合,
4163,鐿鈦,4129,聯合,
4105,東洋,4142,國光生,
4736,泰博,4142,國光生,
4105,東洋,4162,智擎,
2474,可成,4163,鐿鈦,
4545,銘鈺,4163,鐿鈦,
4551,智伸科,4163,鐿鈦,
6469,大樹,4175,杏一,
4551,智伸科,4545,銘鈺,
4104,佳醫,4736,泰博,
4107,邦特,4736,泰博,
4163,鐿鈦,4736,泰博,
1762,中化生,4746,台耀,
1777,生泰,4746,台耀,
1789,神隆,4746,台耀,
3548,兆利,4903,聯光通,
2392,正崴,4904,遠傳,
2412,中華電,4904,遠傳,
2412,中華電,4904,遠傳,
3045,台灣大,4904,遠傳,
3045,台灣大,4904,遠傳,
3062,建漢,4906,正文,
3062,建漢,4906,正文,
6285,啟碁,4906,正文,
4977,眾達-KY,4908,前鼎,
4979,華星光,4908,前鼎,
6187,萬潤,4908,前鼎,
2301,光寶科,4915,致伸,
2385,群光,4915,致伸,
2385,群光,4915,致伸,
2387,精元,4915,致伸,
2402,毅嘉,4915,致伸,
2439,美律,4915,致伸,
2464,盟立,4915,致伸,
5392,能率,4915,致伸,
6108,競國,4915,致伸,
2401,凌陽,4919,新唐,
2458,義隆,4919,新唐,
3014,聯陽,4919,新唐,
5274,信驊,4919,新唐,
5274,信驊,4919,新唐,
2355,敬鵬,4927,泰鼎-KY,
6108,競國,4927,泰鼎-KY,
6191,精成科,4927,泰鼎-KY,
6191,精成科,4927,泰鼎-KY,
6269,台郡,4927,泰鼎-KY,
6278,台表科,4927,泰鼎-KY,
6279,胡連,4927,泰鼎-KY,
8155,博智,4927,泰鼎-KY,
2312,金寶,4938,和碩,
2317,鴻海,4938,和碩,
2324,仁寶,4938,和碩,
2354,鴻準,4938,和碩,
2382,廣達,4938,和碩,
2392,正崴,4938,和碩,
3231,緯創,4938,和碩,
3231,緯創,4938,和碩,
6143,振曜,4938,和碩,
6278,台表科,4938,和碩,
6282,康舒,4938,和碩,
6148,驊宏資,4953,緯軟,
4979,華星光,4956,光鋐,
2313,華通,4958,臻鼎-KY,
2355,敬鵬,4958,臻鼎-KY,
2383,台光電,4958,臻鼎-KY,
2402,毅嘉,4958,臻鼎-KY,
2402,毅嘉,4958,臻鼎-KY,
3044,健鼎,4958,臻鼎-KY,
3044,健鼎,4958,臻鼎-KY,
6153,嘉聯益,4958,臻鼎-KY,
6153,嘉聯益,4958,臻鼎-KY,
6153,嘉聯益,4958,臻鼎-KY,
6269,台郡,4958,臻鼎-KY,
6269,台郡,4958,臻鼎-KY,
6269,台郡,4958,臻鼎-KY,
6278,台表科,4958,臻鼎-KY,
8155,博智,4958,臻鼎-KY,
3014,聯陽,4966,譜瑞-KY,
5269,祥碩,4966,譜瑞-KY,
5351,鈺創,4966,譜瑞-KY,
5439,高技,4966,譜瑞-KY,
2455,全新,4971,IET-KY,
4991,環宇-KY,4971,IET-KY,
4908,前鼎,4977,眾達-KY,
4979,華星光,4977,眾達-KY,
4979,華星光,4977,眾達-KY,
3163,波若威,4979,華星光,
3450,聯鈞,4979,華星光,
4908,前鼎,4979,華星光,
4977,眾達-KY,4979,華星光,
6442,光聖,4979,華星光,
6451,訊芯-KY,4979,華星光,
1584,精剛,5009,榮剛,
6148,驊宏資,5201,凱衛,
6214,精誠,5201,凱衛,
5443,均豪,5203,訊連,
6148,驊宏資,5203,訊連,
2474,可成,5243,乙盛-KY,
5288,豐祥-KY,5243,乙盛-KY,
5392,能率,5243,乙盛-KY,
5457,宣德,5243,乙盛-KY,
2388,威盛,5269,祥碩,
3014,聯陽,5269,祥碩,
4919,新唐,5269,祥碩,
4966,譜瑞-KY,5269,祥碩,
5274,信驊,5269,祥碩,
5351,鈺創,5269,祥碩,
6104,創惟,5269,祥碩,
4919,新唐,5274,信驊,
5465,富驊,5288,豐祥-KY,
2451,創見,5289,宜鼎,
3260,威剛,5289,宜鼎,
8271,宇瞻,5289,宜鼎,
8271,宇瞻,5289,宜鼎,
8299,群聯,5289,宜鼎,
5465,富驊,5309,系統電,
3218,大學光,5312,寶島科,
4175,杏一,5312,寶島科,
1802,台玻,5340,建榮,
1815,富喬,5340,建榮,
3707,漢磊,5347,世界,
3006,晶豪科,5351,鈺創,
5314,世紀*,5371,中光電,
5351,鈺創,5371,中光電,
3062,建漢,5388,中磊,
3062,建漢,5388,中磊,
3306,鼎天,5388,中磊,
3338,泰碩,5388,中磊,
3380,明泰,5388,中磊,
3380,明泰,5388,中磊,
3454,晶睿,5388,中磊,
3479,安勤,5388,中磊,
3491,昇達科,5388,中磊,
3558,神準,5388,中磊,
3596,智易,5388,中磊,
3596,智易,5388,中磊,
3596,智易,5388,中磊,
3689,湧德,5388,中磊,
3689,湧德,5388,中磊,
3704,合勤控,5388,中磊,
4903,聯光通,5388,中磊,
4906,正文,5388,中磊,
4927,泰鼎-KY,5388,中磊,
4938,和碩,5388,中磊,
5309,系統電,5388,中磊,
6173,信昌電,5388,中磊,
6173,信昌電,5388,中磊,
6285,啟碁,5388,中磊,
6285,啟碁,5388,中磊,
2342,茂矽,5425,台半,
2481,強茂,5425,台半,
3675,德微,5425,台半,
3675,德微,5425,台半,
3707,漢磊,5425,台半,
1723,中碳,5434,崇越,
3583,辛耘,5434,崇越,
6196,帆宣,5434,崇越,
8070,長華*,5434,崇越,
5469,瀚宇博,5439,高技,
8070,長華*,5443,均豪,
3213,茂訊,5457,宣德,
6117,迎廣,5465,富驊,
2367,燿華,5469,瀚宇博,
2368,金像電,5469,瀚宇博,
4927,泰鼎-KY,5469,瀚宇博,
5439,高技,5469,瀚宇博,
5439,高技,5469,瀚宇博,
6108,競國,5469,瀚宇博,
6191,精成科,5469,瀚宇博,
1815,富喬,5475,德宏,
3687,歐買尬,5478,智冠,
8021,尖點,5498,凱崴,
8021,尖點,5498,凱崴,
1314,中石化,5522,遠雄,
2501,國建,5522,遠雄,
2548,華固,5522,遠雄,
2548,華固,5522,遠雄,
5534,長虹,5522,遠雄,
9945,潤泰新,5522,遠雄,
2101,南港,5534,長虹,
2348,海悅,5534,長虹,
2501,國建,5534,長虹,
2548,華固,5534,長虹,
2548,華固,5534,長虹,
2548,華固,5534,長虹,
5522,遠雄,5534,長虹,
2605,新興,5608,四維航,
2637,慧洋-KY,5608,四維航,
2731,雄獅,5706,鳳凰,
2892,第一金,5871,中租-KY,
3576,聯合再生,5871,中租-KY,
4164,承業醫,5871,中租-KY,
4934,太極,5871,中租-KY,
6125,廣運,5871,中租-KY,
8927,北基,5871,中租-KY,
9941,裕融,5871,中租-KY,
9941,裕融,5871,中租-KY,
9941,裕融,5871,中租-KY,
2880,華南金,5880,合庫金,
1216,統一,5903,全家,
2912,統一超,5903,全家,
8044,網家,5903,全家,
2450,神腦,5904,寶雅,
2388,威盛,6104,創惟,
4966,譜瑞-KY,6104,創惟,
5274,信驊,6104,創惟,
5351,鈺創,6104,創惟,
2474,可成,6117,迎廣,
5465,富驊,6117,迎廣,
2439,美律,6121,新普,
3211,順達,6121,新普,
3211,順達,6121,新普,
3211,順達,6121,新普,
3323,加百裕,6121,新普,
3323,加百裕,6121,新普,
3323,加百裕,6121,新普,
8038,長園科,6121,新普,
8163,達方,6121,新普,
2464,盟立,6125,廣運,
2464,盟立,6125,廣運,
4545,銘鈺,6125,廣運,
2436,偉詮電,6138,茂達,
3014,聯陽,6138,茂達,
3257,虹冠電,6138,茂達,
3588,通嘉,6138,茂達,
8016,矽創,6138,茂達,
8081,致新,6138,茂達,
8081,致新,6138,茂達,
2404,漢唐,6139,亞翔,
2404,漢唐,6139,亞翔,
3583,辛耘,6139,亞翔,
4545,銘鈺,6139,亞翔,
6196,帆宣,6139,亞翔,
6414,樺漢,6139,亞翔,
8050,廣積,6143,振曜,
2441,超豐,6147,頎邦,
6257,矽格,6147,頎邦,
8110,華東,6147,頎邦,
8150,南茂,6147,頎邦,
8150,南茂,6147,頎邦,
8150,南茂,6147,頎邦,
5309,系統電,6148,驊宏資,
2402,毅嘉,6153,嘉聯益,
6269,台郡,6153,嘉聯益,
6269,台郡,6153,嘉聯益,
5371,中光電,6176,瑞儀,
3016,嘉晶,6182,合晶,
3532,台勝科,6182,合晶,
6488,環球晶,6182,合晶,
2493,揚博,6187,萬潤,
5443,均豪,6187,萬潤,
2404,漢唐,6196,帆宣,
2404,漢唐,6196,帆宣,
2404,漢唐,6196,帆宣,
3131,弘塑,6196,帆宣,
3413,京鼎,6196,帆宣,
3583,辛耘,6196,帆宣,
4541,晟田,6196,帆宣,
5434,崇越,6196,帆宣,
6139,亞翔,6196,帆宣,
8374,羅昇,6196,帆宣,
9933,中鼎,6196,帆宣,
6414,樺漢,6196,帆宣,
3032,偉訓,6203,海韻電,
3078,僑威,6203,海韻電,
2383,台光電,6213,聯茂,
2383,台光電,6213,聯茂,
2383,台光電,6213,聯茂,
5498,凱崴,6213,聯茂,
1229,聯華,6214,精誠,
2450,神腦,6214,精誠,
2471,資通,6214,精誠,
2471,資通,6214,精誠,
2471,資通,6214,精誠,
2480,敦陽科,6214,精誠,
2480,敦陽科,6214,精誠,
3045,台灣大,6214,精誠,
3687,歐買尬,6214,精誠,
4904,遠傳,6214,精誠,
4953,緯軟,6214,精誠,
5201,凱衛,6214,精誠,
5201,凱衛,6214,精誠,
5201,凱衛,6214,精誠,
6148,驊宏資,6214,精誠,
6196,帆宣,6214,精誠,
,,6214,精誠,
,,6214,精誠,
5439,高技,6223,旺矽,
5498,凱崴,6223,旺矽,
6217,中探針,6223,旺矽,
6510,精測,6223,旺矽,
6510,精測,6223,旺矽,
3017,奇鋐,6230,尼得科超眾,
3017,奇鋐,6230,尼得科超眾,
3483,力致,6230,尼得科超眾,
3483,力致,6230,尼得科超眾,
6117,迎廣,6230,尼得科超眾,
2474,可成,6235,華孚,
3005,神基,6235,華孚,
5243,乙盛-KY,6235,華孚,
5392,能率,6235,華孚,
5457,宣德,6235,華孚,
6176,瑞儀,6235,華孚,
6176,瑞儀,6235,華孚,
2329,華泰,6239,力成,
2464,盟立,6239,力成,
2467,志聖,6239,力成,
2493,揚博,6239,力成,
3264,欣銓,6239,力成,
3374,精材,6239,力成,
3450,聯鈞,6239,力成,
3481,群創,6239,力成,
6147,頎邦,6239,力成,
3022,威強電,6245,立端,
3046,建碁,6245,立端,
3558,神準,6245,立端,
3704,合勤控,6245,立端,
8050,廣積,6245,立端,
,,6245,立端,
,,6245,立端,
2441,超豐,6257,矽格,
2449,京元電子,6257,矽格,
2449,京元電子,6257,矽格,
3264,欣銓,6257,矽格,
3264,欣銓,6257,矽格,
3265,台星科,6257,矽格,
3265,台星科,6257,矽格,
3265,台星科,6257,矽格,
6239,力成,6257,矽格,
8110,華東,6257,矽格,
2316,楠梓電,6269,台郡,
2402,毅嘉,6269,台郡,
4958,臻鼎-KY,6269,台郡,
6153,嘉聯益,6269,台郡,
6153,嘉聯益,6269,台郡,
2486,一詮,6271,同欣電,
3374,精材,6271,同欣電,
3450,聯鈞,6271,同欣電,
5243,乙盛-KY,6271,同欣電,
6108,競國,6271,同欣電,
6451,訊芯-KY,6271,同欣電,
1303,南亞,6274,台燿,
2367,燿華,6274,台燿,
2383,台光電,6274,台燿,
2383,台光電,6274,台燿,
2231,為升,6275,元山,
2328,廣宇,6279,胡連,
2460,建通,6279,胡連,
3023,信邦,6279,胡連,
4908,前鼎,6442,光聖,
4977,眾達-KY,6442,光聖,
6451,訊芯-KY,6442,光聖,
3016,嘉晶,6488,環球晶,
3016,嘉晶,6488,環球晶,
3016,嘉晶,6488,環球晶,
3532,台勝科,6488,環球晶,
3532,台勝科,6488,環球晶,
3532,台勝科,6488,環球晶,
3532,台勝科,6488,環球晶,
4934,太極,6488,環球晶,
4971,IET-KY,6488,環球晶,
6182,合晶,6488,環球晶,
6182,合晶,6488,環球晶,
6182,合晶,6488,環球晶,
6182,合晶,6488,環球晶,
6217,中探針,6515,穎崴,
6510,精測,6515,穎崴,
2317,鴻海,6669,緯穎,
2324,仁寶,6669,緯穎,
2356,英業達,6669,緯穎,
2376,技嘉,6669,緯穎,
2382,廣達,6669,緯穎,
3515,華擎,6669,緯穎,
3693,營邦,6669,緯穎,
3706,神達,6669,緯穎,
4938,和碩,6669,緯穎,
8210,勤誠,6669,緯穎,
,,6669,緯穎,
3013,晟銘電,6805,富世達,
3376,新日興,6805,富世達,
3376,新日興,6805,富世達,
3548,兆利,6805,富世達,
3596,智易,6805,富世達,
3141,晶宏,8016,矽創,
5498,凱崴,8021,尖點,
5498,凱崴,8021,尖點,
1810,和成,8033,雷虎,
3059,華晶科,8033,雷虎,
4916,事欣科,8033,雷虎,
5314,世紀*,8033,雷虎,
5371,中光電,8033,雷虎,
8222,寶一,8033,雷虎,
5475,德宏,8039,台虹,
4175,杏一,8044,網家,
2313,華通,8046,南電,
3037,欣興,8046,南電,
3044,健鼎,8046,南電,
3189,景碩,8046,南電,
4958,臻鼎-KY,8046,南電,
4916,事欣科,8050,廣積,
3481,群創,8069,元太,
6143,振曜,8069,元太,
2486,一詮,8070,長華*,
5434,崇越,8070,長華*,
6196,帆宣,8070,長華*,
3588,通嘉,8081,致新,
3588,通嘉,8081,致新,
6138,茂達,8081,致新,
6138,茂達,8081,致新,
6138,茂達,8081,致新,
8016,矽創,8081,致新,
3105,穩懋,8086,宏捷科,
3105,穩懋,8086,宏捷科,
3707,漢磊,8086,宏捷科,
8150,南茂,8110,華東,
4915,致伸,8114,振樺電,
2441,超豐,8150,南茂,
6147,頎邦,8150,南茂,
6147,頎邦,8150,南茂,
6239,力成,8150,南茂,
8110,華東,8150,南茂,
5439,高技,8155,博智,
5469,瀚宇博,8155,博智,
6108,競國,8155,博智,
6191,精成科,8155,博智,
2385,群光,8163,達方,
2387,精元,8163,達方,
2474,可成,8210,勤誠,
3013,晟銘電,8210,勤誠,
3017,奇鋐,8210,勤誠,
3032,偉訓,8210,勤誠,
3693,營邦,8210,勤誠,
3693,營邦,8210,勤誠,
5243,乙盛-KY,8210,勤誠,
5288,豐祥-KY,8210,勤誠,
5465,富驊,8210,勤誠,
6117,迎廣,8210,勤誠,
6235,華孚,8210,勤誠,
3051,力特,8215,明基材,
3051,力特,8215,明基材,
4541,晟田,8222,寶一,
8383,千附,8222,寶一,
2481,強茂,8255,朋程,
3675,德微,8255,朋程,
5425,台半,8255,朋程,
6138,茂達,8255,朋程,
2481,強茂,8261,富鼎,
2451,創見,8271,宇瞻,
3260,威剛,8271,宇瞻,
5289,宜鼎,8271,宇瞻,
6104,創惟,8299,群聯,
6188,廣明,8299,群聯,
8054,安國,8299,群聯,
8422,可寧衛*,8341,日友,
8422,可寧衛*,8341,日友,
3004,豐達科,8349,恒耀,
8341,日友,8422,可寧衛*,
8341,日友,8422,可寧衛*,
1707,葡萄王,8436,大江,
1720,生達,8436,大江,
5314,世紀*,8436,大江,
2912,統一超,8454,富邦媒,
4175,杏一,8454,富邦媒,
4904,遠傳,8454,富邦媒,
8044,網家,8454,富邦媒,
1102,亞泥,8926,台汽電,
3576,聯合再生,8926,台汽電,
8927,北基,8926,台汽電,
9933,中鼎,8926,台汽電,
9941,裕融,8927,北基,
2915,潤泰全,9904,寶成,
9910,豐泰,9904,寶成,
9904,寶成,9910,豐泰,
8163,達方,9914,美利達,
9921,巨大,9914,美利達,
9921,巨大,9914,美利達,
8163,達方,9921,巨大,
9914,美利達,9921,巨大,
4903,聯光通,9933,中鼎,
5434,崇越,9933,中鼎,
5871,中租-KY,9933,中鼎,
6139,亞翔,9933,中鼎,
6139,亞翔,9933,中鼎,
6196,帆宣,9933,中鼎,
8383,千附,9933,中鼎,
8926,台汽電,9933,中鼎,
9917,中保科,9933,中鼎,
9945,潤泰新,9933,中鼎,
8383,千附,9938,百和,
5871,中租-KY,9941,裕融,
1402,遠東新,9945,潤泰新,
2371,大同,9945,潤泰新,
2501,國建,9945,潤泰新,
2548,華固,9945,潤泰新,
2915,潤泰全,9945,潤泰新,
5522,遠雄,9945,潤泰新,
5534,長虹,9945,潤泰新,
2031,新光鋼,9958,世紀鋼,
2208,台船,9958,世紀鋼,
3708,上緯投控,DSFIR,DSM (帝斯曼),
9939,宏全,9907,統一實,
1722,台肥,6505,台塑化,
1723,中碳,6505,台塑化,
1326,台化,1455,集盛,
1434,福懋,DD,DuPont (杜邦),
8039,台虹,DD,DuPont (杜邦),
3645,達邁,DD,DuPont (杜邦),
3645,達邁,DD,DuPont (杜邦),
3645,達邁,DD,DuPont (杜邦),
8255,朋程,Priv.,Danfoss (丹佛斯),
8996,高力,Priv.,Danfoss (丹佛斯),
1504,東元,6501.JP,Hitachi (日立),
4164,承業醫,6501.JP,Hitachi (日立),
9942,茂順,7240.T,NOK,
9942,茂順,TREL-B,Trelleborg,
2049,上銀,6954.T,Fanuc (發那科),
2308,台達電,6954.T,Fanuc (發那科),
2354,鴻準,6954.T,Fanuc (發那科),
2464,盟立,6954.T,Fanuc (發那科),
5392,能率,6954.T,Fanuc (發那科),
6188,廣明,6954.T,Fanuc (發那科),
2008,高興昌,2014,中鴻,
2008,高興昌,2014,中鴻,
5014,建錩,9957,Yusco (燁聯),
1590,亞德客-KY,Global,Outokumpu (奧托昆普),
1605,華新,Global,Outokumpu (奧托昆普),
1536,和大,4576,大銀微系統,
8383,千附,4576,大銀微系統,
3708,上緯投控,1301.0,Formosa Plastics (台塑),
1533,車王電,2258,鴻華先進-創,
2002,中鋼,2258,鴻華先進-創,
2379,瑞昱,NXPI,NXP (恩智浦),
2388,威盛,NXPI,NXP (恩智浦),
2401,凌陽,NXPI,NXP (恩智浦),
6415,矽力*-KY,NXPI,NXP (恩智浦),
2393,億光,3714,富采,
2393,億光,3714,富采,
2409,友達,3714,富采,
8111,立碁,3714,富采,
2393,億光,AMS,Osram (歐司朗),
4956,光鋐,AMS,Osram (歐司朗),
4956,光鋐,AMS,Osram (歐司朗),
1301,台塑,4063,Shin-Etsu (信越化學),
3016,嘉晶,4063,Shin-Etsu (信越化學),
5234,達興材料,4063,Shin-Etsu (信越化學),
6182,合晶,4063,Shin-Etsu (信越化學),
8039,台虹,4063,Shin-Etsu (信越化學),
3532,台勝科,WAF,Siltronic,
5483,中美晶,WAF,Siltronic,
6182,合晶,WAF,Siltronic,
6488,環球晶,WAF,Siltronic,
3131,弘塑,LRCX,Lam Research (科林研發),
3583,辛耘,LRCX,Lam Research (科林研發),
3563,牧德,KLAC,KLA (柯磊),
5443,均豪,KLAC,KLA (柯磊),
,,KLAC,KLA (柯磊),
3014,聯陽,MCHP,Microchip,
3673,TPK-KY,6456,GIS-KY,
3673,TPK-KY,6456,GIS-KY,
2208,台船,6753,龍德造船,
2379,瑞昱,QCOM,Qualcomm (高通),
2454,聯發科,QCOM,Qualcomm (高通),
2454,聯發科,QCOM,Qualcomm (高通),
2454,聯發科,QCOM,Qualcomm (高通),
8086,宏捷科,QCOM,Qualcomm (高通),
2379,瑞昱,AVGO,Broadcom (博通),
2379,瑞昱,AVGO,Broadcom (博通),
2393,億光,AVGO,Broadcom (博通),
2454,聯發科,AVGO,Broadcom (博通),
2454,聯發科,AVGO,Broadcom (博通),
3008,大立光,AVGO,Broadcom (博通),
3035,智原,AVGO,Broadcom (博通),
3081,聯亞,AVGO,Broadcom (博通),
3163,波若威,AVGO,Broadcom (博通),
3443,創意,AVGO,Broadcom (博通),
3661,世芯-KY,AVGO,Broadcom (博通),
3661,世芯-KY,AVGO,Broadcom (博通),
4908,前鼎,AVGO,Broadcom (博通),
4966,譜瑞-KY,AVGO,Broadcom (博通),
4968,立積,AVGO,Broadcom (博通),
4977,眾達-KY,AVGO,Broadcom (博通),
4979,華星光,AVGO,Broadcom (博通),
5269,祥碩,AVGO,Broadcom (博通),
6442,光聖,AVGO,Broadcom (博通),
8086,宏捷科,AVGO,Broadcom (博通),
2385,群光,6282,康舒,
2457,飛宏,6282,康舒,
2457,飛宏,6282,康舒,
3026,禾伸堂,6282,康舒,
6203,海韻電,6282,康舒,
6412,群電,6282,康舒,
6412,群電,6282,康舒,
6155,鈞寶,6207,雷科,
6155,鈞寶,6207,雷科,
6187,萬潤,6207,雷科,
2467,志聖,7735,SCREEN,
3131,弘塑,7735,SCREEN,
3563,牧德,7735,SCREEN,
3680,家登,ENTG,Entegris,
3680,家登,ENTG,Entegris,
2441,超豐,2369,菱生,
1722,台肥,1773,勝一,
1727,中華化,1773,勝一,
2352,佳世達,HPQ,HP (惠普),
2352,佳世達,HPQ,HP (惠普),
2353,宏碁,HPQ,HP (惠普),
2353,宏碁,HPQ,HP (惠普),
2357,華碩,HPQ,HP (惠普),
3673,TPK-KY,HPQ,HP (惠普),
3693,營邦,HPQ,HP (惠普),
4919,新唐,HPQ,HP (惠普),
8114,振樺電,HPQ,HP (惠普),
2498,宏達電,MSFT,Microsoft (微軟),
6214,精誠,MSFT,Microsoft (微軟),
6414,樺漢,MSFT,Microsoft (微軟),
2395,研華,IBM,IBM,
2471,資通,IBM,IBM,
2471,資通,IBM,IBM,
2480,敦陽科,IBM,IBM,
4953,緯軟,IBM,IBM,
4953,緯軟,IBM,IBM,
2332,友訊,CSCO,Cisco (思科),
2345,智邦,CSCO,Cisco (思科),
3558,神準,CSCO,Cisco (思科),
6285,啟碁,CSCO,Cisco (思科),
2383,台光電,Priv.,Isola,
2464,盟立,ROK,Rockwell Automation (羅克威爾),
2409,友達,,Samsung Display,
2316,楠梓電,3715,定穎投控,
2355,敬鵬,3715,定穎投控,
2367,燿華,3715,定穎投控,
4927,泰鼎-KY,3715,定穎投控,
4958,臻鼎-KY,3715,定穎投控,
5439,高技,3715,定穎投控,
5469,瀚宇博,3715,定穎投控,
6108,競國,3715,定穎投控,
6153,嘉聯益,3715,定穎投控,
6191,精成科,3715,定穎投控,
8050,廣積,3715,定穎投控,
1314,中石化,3407.0,Asahi Kasei (旭化成),
1434,福懋,3407.0,Asahi Kasei (旭化成),
1717,長興,3407.0,Asahi Kasei (旭化成),
3019,亞光,5215,科嘉-KY,
3163,波若威,GLW,Corning (康寧),
6442,光聖,GLW,Corning (康寧),
3034,聯詠,3592,瑞鼎,
3545,敦泰,3592,瑞鼎,
3545,敦泰,3592,瑞鼎,
8016,矽創,3592,瑞鼎,
8081,致新,3592,瑞鼎,
4956,光鋐,6854,錼創科技-KY創,
3491,昇達科,ERIC,Ericsson (愛立信),
5388,中磊,ERIC,Ericsson (愛立信),
8210,勤誠,ERIC,Ericsson (愛立信),
1810,和成,1809,中釉,
2395,研華,4943,康控-KY,
8114,振樺電,4943,康控-KY,
2351,順德,5285,界霖,
2351,順德,5285,界霖,
2351,順德,5285,界霖,
2486,一詮,5285,界霖,
3653,健策,5285,界霖,
8070,長華*,5285,界霖,
1536,和大,TER,Teradyne (泰瑞達),
2360,致茂,TER,Teradyne (泰瑞達),
6223,旺矽,TER,Teradyne (泰瑞達),
6510,精測,TER,Teradyne (泰瑞達),
5439,高技,6510,精測,
6217,中探針,6510,精測,
6223,旺矽,6510,精測,
6223,旺矽,6510,精測,
6223,旺矽,FORM,FormFactor,
6510,精測,FORM,FormFactor,
6510,精測,FORM,FormFactor,
6510,精測,FORM,FormFactor,
3081,聯亞,5802.T,Sumitomo Electric (住友電工),
2356,英業達,SMCI,Supermicro (美超微),
2357,華碩,SMCI,Supermicro (美超微),
2376,技嘉,SMCI,Supermicro (美超微),
2382,廣達,SMCI,Supermicro (美超微),
3013,晟銘電,SMCI,Supermicro (美超微),
3231,緯創,SMCI,Supermicro (美超微),
6203,海韻電,SMCI,Supermicro (美超微),
6669,緯穎,SMCI,Supermicro (美超微),
6669,緯穎,SMCI,Supermicro (美超微),
8210,勤誠,SMCI,Supermicro (美超微),
3131,弘塑,6640,均華,
6187,萬潤,6640,均華,
6223,旺矽,6640,均華,
2471,資通,ORCL,Oracle (甲骨文),
2480,敦陽科,NTAP,NetApp,
3693,營邦,NTAP,NetApp,
2493,揚博,M5Z.DE,Manz,
3131,弘塑,M5Z.DE,Manz,
2634,漢翔,BA,Boeing (波音),
2610,華航,2645,長榮航太,
2618,長榮航,2645,長榮航太,
2634,漢翔,2645,長榮航太,
3680,家登,2645,長榮航太,
2610,華航,2646,星宇航空,
2618,長榮航,2646,星宇航空,
2610,華航,6757,台灣虎航,
2480,敦陽科,2453,凌群,
2851,中再保,MUV2.DE,Munich Re (慕尼黑再保),
2851,中再保,SREN.SW,Swiss Re (瑞士再保),
2851,中再保,SREN.SW,Swiss Re (瑞士再保),
3491,昇達科,6701.T,NEC (日電),
5203,訊連,6701.T,NEC (日電),
6148,驊宏資,6811,宏碁資訊,
6214,精誠,6811,宏碁資訊,
,,6811,宏碁資訊,
5201,凱衛,6183,關貿,
6148,驊宏資,6183,關貿,
6214,精誠,6183,關貿,
2471,資通,SAP,SAP,
3130,一零四,SAP,SAP,
4903,聯光通,6163,華電網,
2303,聯電,6770,力積電,
2329,華泰,6770,力積電,
2342,茂矽,6770,力積電,
5347,世界,6770,力積電,
5234,達興材料,4185.T,JSR,
5434,崇越,4185.T,JSR,
8070,長華*,4185.T,JSR,
2481,強茂,WOLF,Wolfspeed,
3016,嘉晶,WOLF,Wolfspeed,
3105,穩懋,WOLF,Wolfspeed,
3707,漢磊,WOLF,Wolfspeed,
4934,太極,WOLF,Wolfspeed,
4971,IET-KY,WOLF,Wolfspeed,
4991,環宇-KY,WOLF,Wolfspeed,
5425,台半,WOLF,Wolfspeed,
5483,中美晶,WOLF,Wolfspeed,
6182,合晶,WOLF,Wolfspeed,
6488,環球晶,WOLF,Wolfspeed,
8121,越峰,WOLF,Wolfspeed,
8255,朋程,WOLF,Wolfspeed,
8261,富鼎,WOLF,Wolfspeed,
2460,建通,NDA,Aurubis,
1301,台塑,DOW,Dow (陶氏化學),
3533,嘉澤,6806.T,Hirose (廣瀨),
3689,湧德,6806.T,Hirose (廣瀨),
2392,正崴,APH,Amphenol (安費諾),
2460,建通,APH,Amphenol (安費諾),
3003,健和興,APH,Amphenol (安費諾),
3213,茂訊,APH,Amphenol (安費諾),
3217,優群,APH,Amphenol (安費諾),
3376,新日興,APH,Amphenol (安費諾),
3491,昇達科,APH,Amphenol (安費諾),
3533,嘉澤,APH,Amphenol (安費諾),
3533,嘉澤,APH,Amphenol (安費諾),
3548,兆利,APH,Amphenol (安費諾),
3665,貿聯-KY,APH,Amphenol (安費諾),
3665,貿聯-KY,APH,Amphenol (安費諾),
3665,貿聯-KY,APH,Amphenol (安費諾),
3689,湧德,APH,Amphenol (安費諾),
5457,宣德,APH,Amphenol (安費諾),
6197,佳必琪,APH,Amphenol (安費諾),
6197,佳必琪,APH,Amphenol (安費諾),
6442,光聖,APH,Amphenol (安費諾),
3042,晶技,6779.T,NDK (日本電波),
3042,晶技,6779.T,NDK (日本電波),
3042,晶技,6779.T,NDK (日本電波),
2301,光寶科,VSH,Vishay,
2327,國巨*,VSH,Vishay,
2393,億光,VSH,Vishay,
2428,興勤,VSH,Vishay,
2481,強茂,VSH,Vishay,
3624,光頡,VSH,Vishay,
3624,光頡,VSH,Vishay,
3624,光頡,VSH,Vishay,
3675,德微,VSH,Vishay,
5425,台半,VSH,Vishay,
6155,鈞寶,VSH,Vishay,
8261,富鼎,VSH,Vishay,
3617,碩天,SEDG,SolarEdge,
6409,旭隼,SEDG,SolarEdge,
4919,新唐,6723.T,Renesas (瑞薩),
6138,茂達,6723.T,Renesas (瑞薩),
6415,矽力*-KY,6723.T,Renesas (瑞薩),
8039,台虹,2802.T,Ajinomoto (味之素),
8070,長華*,2802.T,Ajinomoto (味之素),
2493,揚博,MKSI,Atotech (MKS),
1810,和成,6971.T,Kyocera (京瓷),
3042,晶技,6971.T,Kyocera (京瓷),
6271,同欣電,6971.T,Kyocera (京瓷),
8021,尖點,6971.T,Kyocera (京瓷),
3535,晶彩科,6664,群翊,
2360,致茂,4902.T,Konica Minolta,
3356,奇偶,Private,Dahua (達輝),
8042,金山電,6449,鈺邦,
2472,立隆電,6997.T,Nippon Chemi-Con (日本佳美工),
2472,立隆電,6997.T,Nippon Chemi-Con (日本佳美工),
8042,金山電,6997.T,Nippon Chemi-Con (日本佳美工),
6449,鈺邦,6997.T,Nippon Chemi-Con (日本佳美工),
6449,鈺邦,6997.T,Nippon Chemi-Con (日本佳美工),
1785,光洋科,Private,Heraeus (賀利氏),
3163,波若威,6426,統新,
3019,亞光,LITE,Lumentum,
3081,聯亞,LITE,Lumentum,
3105,穩懋,LITE,Lumentum,
3163,波若威,LITE,Lumentum,
3163,波若威,LITE,Lumentum,
3450,聯鈞,LITE,Lumentum,
4908,前鼎,LITE,Lumentum,
4977,眾達-KY,LITE,Lumentum,
4979,華星光,LITE,Lumentum,
6442,光聖,LITE,Lumentum,
8086,宏捷科,LITE,Lumentum,
1101,台泥,006400.KS,Samsung SDI (三星SDI),
2104,國際中橡,006400.KS,Samsung SDI (三星SDI),
1101,台泥,373220.KS,LG Energy Solution,
3211,順達,373220.KS,LG Energy Solution,
3323,加百裕,373220.KS,LG Energy Solution,
4105,東洋,1734,杏輝,
2360,致茂,COHU,Cohu,
2360,致茂,KEYS,Keysight (是德科技),
3289,宜特,KEYS,Keysight (是德科技),
4163,鐿鈦,KEYS,Keysight (是德科技),
4908,前鼎,KEYS,Keysight (是德科技),
6146,耕興,KEYS,Keysight (是德科技),
3036,文曄,AVT,Avnet (安富利),
3036,文曄,AVT,Avnet (安富利),
3702,大聯大,AVT,Avnet (安富利),
3702,大聯大,AVT,Avnet (安富利),
3306,鼎天,UBXN,U-blox,
3374,精材,6789,采鈺,
3035,智原,SNPS,Synopsys (新思科技),
3443,創意,SNPS,Synopsys (新思科技),
8054,安國,SNPS,Synopsys (新思科技),
6462,神盾,SNPS,Synopsys (新思科技),
3035,智原,CDNS,Cadence (益華電腦),
3443,創意,CDNS,Cadence (益華電腦),
8054,安國,CDNS,Cadence (益華電腦),
6462,神盾,CDNS,Cadence (益華電腦),
2374,佳能,AMBA,Ambarella (安霸),
2388,威盛,AMBA,Ambarella (安霸),
3227,原相,AMBA,Ambarella (安霸),
3034,聯詠,4961,天鈺,
3141,晶宏,4961,天鈺,
3588,通嘉,4961,天鈺,
3535,晶彩科,8064,東捷,
5443,均豪,8064,東捷,
6187,萬潤,8064,東捷,
8103,瀚荃,3605,宏致,
8054,安國,AWE.L,Alphawave,
1303,南亞,4062.T,Ibiden (揖斐電),
3037,欣興,4062.T,Ibiden (揖斐電),
3037,欣興,4062.T,Ibiden (揖斐電),
3044,健鼎,4062.T,Ibiden (揖斐電),
3189,景碩,4062.T,Ibiden (揖斐電),
4958,臻鼎-KY,4062.T,Ibiden (揖斐電),
8046,南電,4062.T,Ibiden (揖斐電),
8046,南電,4062.T,Ibiden (揖斐電),
2460,建通,TEL,TE Connectivity,
3003,健和興,TEL,TE Connectivity,
3213,茂訊,TEL,TE Connectivity,
3213,茂訊,TEL,TE Connectivity,
3217,優群,TEL,TE Connectivity,
3533,嘉澤,TEL,TE Connectivity,
3665,貿聯-KY,TEL,TE Connectivity,
3665,貿聯-KY,TEL,TE Connectivity,
3689,湧德,TEL,TE Connectivity,
3689,湧德,TEL,TE Connectivity,
6279,胡連,TEL,TE Connectivity,
6279,胡連,TEL,TE Connectivity,
8103,瀚荃,TEL,TE Connectivity,
3003,健和興,Priv.,Molex,
3213,茂訊,Priv.,Molex,
3213,茂訊,Priv.,Molex,
3217,優群,Priv.,Molex,
3533,嘉澤,Priv.,Molex,
3665,貿聯-KY,Priv.,Molex,
3665,貿聯-KY,Priv.,Molex,
3689,湧德,Priv.,Molex,
5457,宣德,Priv.,Molex,
6197,佳必琪,Priv.,Molex,
6279,胡連,Priv.,Molex,
8103,瀚荃,Priv.,Molex,
1785,光洋科,Global,Tanaka (田中貴金屬),
3653,健策,6548,長科*,
4104,佳醫,FME.DE,Fresenius (費森尤斯),
4107,邦特,FME.DE,Fresenius (費森尤斯),
1786,科妍,BAX,Baxter (百特),
4104,佳醫,BAX,Baxter (百特),
4106,雃博,BAX,Baxter (百特),
4107,邦特,BAX,Baxter (百特),
4107,邦特,BAX,Baxter (百特),
4126,太醫,BAX,Baxter (百特),
4163,鐿鈦,BAX,Baxter (百特),
4105,東洋,4726,永昕,
4114,健喬,4726,永昕,
4119,旭富,4726,永昕,
4142,國光生,2269.HK,WuXi Biologics (藥明生物),
4746,台耀,2269.HK,WuXi Biologics (藥明生物),
4746,台耀,207940.KS,Samsung Biologics (三星生物),
4164,承業醫,IBAB.BR,IBA (Ion Beam),
4736,泰博,ABT,Abbott (亞培),
3014,聯陽,6202,盛群,
4919,新唐,6202,盛群,
3014,聯陽,5471,松翰,
,,SMTC,Semtech,
,,SMTC,Semtech,
3535,晶彩科,6706,惠特,
6187,萬潤,6706,惠特,
6223,旺矽,6706,惠特,
1560,中砂,MMM,3M,
1560,中砂,MMM,3M,
2351,順德,MMM,3M,
3689,湧德,MMM,3M,
4128,中天,MMM,3M,
4743,合一,MMM,3M,
8069,元太,MMM,3M,
9911,櫻花,MMM,3M,
2359,所羅門,6861.T,Keyence (基恩斯),
2049,上銀,6481.T,THK,
2049,上銀,6481.T,THK,
3213,茂訊,002475.SZ,Luxshare (立訊),
,,002475.SZ,Luxshare (立訊),
,,002475.SZ,Luxshare (立訊),
5340,建榮,Private,AGY,
6146,耕興,Private,Rohde & Schwarz (R&S),
4163,鐿鈦,6754.T,Anritsu (安立知),
1536,和大,6324.T,Harmonic Drive,
2233,宇隆,6324.T,Harmonic Drive,
5392,能率,6324.T,Harmonic Drive,
1785,光洋科,MTRN,Materion,
5443,均豪,6146.T,Disco,
,,6146.T,Disco,
3645,達邁,4118.T,Kaneka,
3645,達邁,4118.T,Kaneka,
3645,達邁,4118.T,Kaneka,
6223,旺矽,TPRO,Technoprobe,
6223,旺矽,TPRO,Technoprobe,
6510,精測,TPRO,Technoprobe,
6510,精測,TPRO,Technoprobe,
6510,精測,TPRO,Technoprobe,
3491,昇達科,SMIN.L,Smiths Interconnect,
5439,高技,6683,雍智科技,
1717,長興,4203.T,Sumitomo Bakelite (住友電木),
5234,達興材料,4203.T,Sumitomo Bakelite (住友電木),
1216,統一,2642,宅配通,
1305,華夏,1307,三芳,
4303,信立,1307,三芳,
8215,明基材,1307,三芳,
5306,桂盟,7309.T,Shimano (禧瑪諾),
5306,桂盟,7309.T,Shimano (禧瑪諾),
5306,桂盟,7309.T,Shimano (禧瑪諾),
9921,巨大,7309.T,Shimano (禧瑪諾),
2105,正新,2106,建大,
2105,正新,2106,建大,
5871,中租-KY,6592,和潤企業,
9941,裕融,6592,和潤企業,
1216,統一,COST,Costco (好市多),
2903,遠百,COST,Costco (好市多),
2912,統一超,COST,Costco (好市多),
2723,美食-KY,Priv.,Starbucks (星巴克),
1101,台泥,TSLA,Tesla (特斯拉),
1519,華城,TSLA,Tesla (特斯拉),
2308,台達電,TSLA,Tesla (特斯拉),
2308,台達電,TSLA,Tesla (特斯拉),
2317,鴻海,TSLA,Tesla (特斯拉),
2354,鴻準,TSLA,Tesla (特斯拉),
2457,飛宏,TSLA,Tesla (特斯拉),
5457,宣德,TSLA,Tesla (特斯拉),
6121,新普,TSLA,Tesla (特斯拉),
1736,喬山,PTON,Peloton (派樂騰),
1504,東元,BWA,BorgWarner (博格華納),
1536,和大,BWA,BorgWarner (博格華納),
1503,士電,ETN,Eaton (伊頓),
1519,華城,ETN,Eaton (伊頓),
2308,台達電,ETN,Eaton (伊頓),
2428,興勤,ETN,Eaton (伊頓),
3617,碩天,ETN,Eaton (伊頓),
6409,旭隼,ETN,Eaton (伊頓),
6409,旭隼,ETN,Eaton (伊頓),
8038,長園科,ETN,Eaton (伊頓),
2207,和泰車,BMW,BMW (寶馬),
8069,元太,BMW,BMW (寶馬),
4175,杏一,6929,佑全,
6469,大樹,6929,佑全,
6469,大樹,6929,佑全,
2436,偉詮電,6415,矽力*-KY,
3006,晶豪科,6415,矽力*-KY,
3588,通嘉,6415,矽力*-KY,
3588,通嘉,6415,矽力*-KY,
6138,茂達,6415,矽力*-KY,
8016,矽創,6415,矽力*-KY,
8081,致新,6415,矽力*-KY,
8081,致新,6415,矽力*-KY,
8081,致新,6415,矽力*-KY,
,,6415,矽力*-KY,
3265,台星科,6451,訊芯-KY,
3450,聯鈞,6451,訊芯-KY,
6271,同欣電,6451,訊芯-KY,
8111,立碁,6451,訊芯-KY,
2450,神腦,6469,大樹,
4175,杏一,6469,大樹,
4904,遠傳,6469,大樹,
8038,長園科,300750.SZ,CATL (寧德時代),
2498,宏達電,META,Meta (臉書),
2498,宏達電,META,Meta (臉書),
5312,寶島科,META,Meta (臉書),
5371,中光電,META,Meta (臉書),
6176,瑞儀,META,Meta (臉書),
8454,富邦媒,META,Meta (臉書),
2352,佳世達,DELL,Dell (戴爾),
2352,佳世達,DELL,Dell (戴爾),
2353,宏碁,DELL,Dell (戴爾),
2353,宏碁,DELL,Dell (戴爾),
2357,華碩,DELL,Dell (戴爾),
2377,微星,DELL,Dell (戴爾),
3005,神基,DELL,Dell (戴爾),
3558,神準,DELL,Dell (戴爾),
3693,營邦,DELL,Dell (戴爾),
3693,營邦,DELL,Dell (戴爾),
4919,新唐,DELL,Dell (戴爾),
6245,立端,DELL,Dell (戴爾),
6669,緯穎,DELL,Dell (戴爾),
,,DELL,Dell (戴爾),
1533,車王電,1211.HK,BYD (比亞迪),
8038,長園科,1211.HK,BYD (比亞迪),
2236,百達-KY,EO.PA,Faurecia (佛吉亞),
1319,東陽,MGA,Magna (麥格納),
1536,和大,MGA,Magna (麥格納),
4915,致伸,MGA,Magna (麥格納),
4938,和碩,MGA,Magna (麥格納),
5243,乙盛-KY,MGA,Magna (麥格納),
8044,網家,AMZN,Amazon (亞馬遜),
8069,元太,AMZN,Amazon (亞馬遜),
2379,瑞昱,2454.TW,MediaTek (聯發科),
5371,中光電,BenQ_Brand,BenQ (Brand),
2105,正新,CON.DE,Continental (大陸集團),
2231,為升,CON.DE,Continental (大陸集團),
2231,為升,CON.DE,Continental (大陸集團),
2409,友達,CON.DE,Continental (大陸集團),
2497,怡利電,CON.DE,Continental (大陸集團),
3380,明泰,CON.DE,Continental (大陸集團),
3552,同致,CON.DE,Continental (大陸集團),
4551,智伸科,CON.DE,Continental (大陸集團),
5309,系統電,CON.DE,Continental (大陸集團),
6285,啟碁,CON.DE,Continental (大陸集團),
2345,智邦,ANET,Arista Networks,
5269,祥碩,6756,威鋒電子,
5351,鈺創,6756,威鋒電子,
6104,創惟,6756,威鋒電子,
6104,創惟,6756,威鋒電子,
2329,華泰,3711.0,ASE (日月光),
6271,同欣電,3711.0,ASE (日月光),
1319,東陽,FR.PA,Valeo (法雷奧),
3552,同致,FR.PA,Valeo (法雷奧),
3552,同致,FR.PA,Valeo (法雷奧),
8255,朋程,FR.PA,Valeo (法雷奧),
,,FR.PA,Valeo (法雷奧),
1503,士電,SIE.DE,Siemens (西門子),
1504,東元,SIE.DE,Siemens (西門子),
1513,中興電,SIE.DE,Siemens (西門子),
2308,台達電,SIE.DE,Siemens (西門子),
2388,威盛,SIE.DE,Siemens (西門子),
2395,研華,SIE.DE,Siemens (西門子),
2471,資通,SIE.DE,Siemens (西門子),
6245,立端,SIE.DE,Siemens (西門子),
9933,中鼎,SIE.DE,Siemens (西門子),
6414,樺漢,SIE.DE,Siemens (西門子),
2482,連宇,Priv.,Verifone (惠爾豐),
2482,連宇,Priv.,Verifone (惠爾豐),
4915,致伸,Priv.,Verifone (惠爾豐),
2206,三陽工業,7267.T,Honda (本田),
8464,億豐,Priv.,IKEA (宜家),
9911,櫻花,Priv.,IKEA (宜家),
2603,長榮,HLAG,Hapag-Lloyd (赫伯羅德),
2609,陽明,Priv.,ONE (海洋網聯),
3019,亞光,011070.KS,LG Innotek,
3037,欣興,011070.KS,LG Innotek,
3189,景碩,011070.KS,LG Innotek,
3617,碩天,ENPH,Enphase Energy,
3163,波若威,002281.SZ,Accelink (光迅科技),
2301,光寶科,6412,群電,
2301,光寶科,6412,群電,
6148,驊宏資,6412,群電,
2451,創見,GRMN,Garmin (台灣國際航電),
3306,鼎天,GRMN,Garmin (台灣國際航電),
3706,神達,GRMN,Garmin (台灣國際航電),
3706,神達,TOM2,TomTom,
2227,裕日車,VOLCAR-B,Volvo (富豪汽車),
6414,樺漢,AMAT,Applied Materials (應用材料),
1785,光洋科,HON,Honeywell (霍尼韋爾),
1810,和成,HON,Honeywell (霍尼韋爾),
2486,一詮,HON,Honeywell (霍尼韋爾),
3416,融程電,HON,Honeywell (霍尼韋爾),
3653,健策,HON,Honeywell (霍尼韋爾),
2207,和泰車,MBG.DE,Mercedes-Benz (賓士),
1783,和康生,MDT,Medtronic (美敦力),
2474,可成,MDT,Medtronic (美敦力),
4107,邦特,MDT,Medtronic (美敦力),
4107,邦特,MDT,Medtronic (美敦力),
4126,太醫,MDT,Medtronic (美敦力),
4129,聯合,MDT,Medtronic (美敦力),
4163,鐿鈦,MDT,Medtronic (美敦力),
4551,智伸科,MDT,Medtronic (美敦力),
4736,泰博,MDT,Medtronic (美敦力),
2493,揚博,6763,綠界科技*,
5478,智冠,6763,綠界科技*,
1720,生達,1795,美時,
1789,神隆,1795,美時,
4722,國精化,1795,美時,
4746,台耀,1795,美時,
1786,科妍,SNY,Sanofi (賽諾菲),
2104,國際中橡,SNY,Sanofi (賽諾菲),
4119,旭富,SNY,Sanofi (賽諾菲),
4142,國光生,SNY,Sanofi (賽諾菲),
4743,合一,SNY,Sanofi (賽諾菲),
4746,台耀,SNY,Sanofi (賽諾菲),
4147,中裕,TH.TO,Theratechnologies,
2455,全新,COHR,Coherent (II-VI),
3016,嘉晶,COHR,Coherent (II-VI),
3081,聯亞,COHR,Coherent (II-VI),
3105,穩懋,COHR,Coherent (II-VI),
3163,波若威,COHR,Coherent (II-VI),
4908,前鼎,COHR,Coherent (II-VI),
4934,太極,COHR,Coherent (II-VI),
4977,眾達-KY,COHR,Coherent (II-VI),
4977,眾達-KY,COHR,Coherent (II-VI),
4979,華星光,COHR,Coherent (II-VI),
4979,華星光,COHR,Coherent (II-VI),
6442,光聖,COHR,Coherent (II-VI),
6488,環球晶,COHR,Coherent (II-VI),
8086,宏捷科,COHR,Coherent (II-VI),
3105,穩懋,SWKS,Skyworks (思佳訊),
3105,穩懋,SWKS,Skyworks (思佳訊),
3152,璟德,SWKS,Skyworks (思佳訊),
4968,立積,SWKS,Skyworks (思佳訊),
4968,立積,SWKS,Skyworks (思佳訊),
4991,環宇-KY,SWKS,Skyworks (思佳訊),
8086,宏捷科,SWKS,Skyworks (思佳訊),
2345,智邦,MRVL,Marvell (邁威爾 - 合作夥伴),
2379,瑞昱,MRVL,Marvell (邁威爾 - 合作夥伴),
2454,聯發科,MRVL,Marvell (邁威爾 - 合作夥伴),
3443,創意,MRVL,Marvell (邁威爾 - 合作夥伴),
3443,創意,MRVL,Marvell (邁威爾 - 合作夥伴),
3661,世芯-KY,MRVL,Marvell (邁威爾 - 合作夥伴),
3661,世芯-KY,MRVL,Marvell (邁威爾 - 合作夥伴),
4908,前鼎,MRVL,Marvell (邁威爾 - 合作夥伴),
4966,譜瑞-KY,MRVL,Marvell (邁威爾 - 合作夥伴),
4977,眾達-KY,MRVL,Marvell (邁威爾 - 合作夥伴),
5269,祥碩,MRVL,Marvell (邁威爾 - 合作夥伴),
8054,安國,MRVL,Marvell (邁威爾 - 合作夥伴),
8299,群聯,MRVL,Marvell (邁威爾 - 合作夥伴),
8299,群聯,MRVL,Marvell (邁威爾 - 合作夥伴),
3596,智易,0763.HK,ZTE (中興通訊),
5388,中磊,0763.HK,ZTE (中興通訊),
2395,研華,KTN.DE,Kontron,
5309,系統電,KTN.DE,Kontron,
8050,廣積,KTN.DE,Kontron,
8114,振樺電,KTN.DE,Kontron,
3257,虹冠電,MPWR,MPS,
6138,茂達,MPWR,MPS,
8081,致新,MPWR,MPS,
8081,致新,MPWR,MPS,
6415,矽力*-KY,MPWR,MPS,
6415,矽力*-KY,MPWR,MPS,
2231,為升,6285,啟碁,
2312,金寶,6285,啟碁,
3062,建漢,6285,啟碁,
3062,建漢,6285,啟碁,
3306,鼎天,6285,啟碁,
3338,泰碩,6285,啟碁,
3380,明泰,6285,啟碁,
3380,明泰,6285,啟碁,
3416,融程電,6285,啟碁,
3454,晶睿,6285,啟碁,
3479,安勤,6285,啟碁,
3491,昇達科,6285,啟碁,
3552,同致,6285,啟碁,
3552,同致,6285,啟碁,
3558,神準,6285,啟碁,
3596,智易,6285,啟碁,
3596,智易,6285,啟碁,
3596,智易,6285,啟碁,
3596,智易,6285,啟碁,
3689,湧德,6285,啟碁,
3704,合勤控,6285,啟碁,
3706,神達,6285,啟碁,
4906,正文,6285,啟碁,
4916,事欣科,6285,啟碁,
5388,中磊,6285,啟碁,
5388,中磊,6285,啟碁,
6271,同欣電,6285,啟碁,
2388,威盛,6414,樺漢,
2395,研華,6414,樺漢,
3022,威強電,6414,樺漢,
3022,威強電,6414,樺漢,
3046,建碁,6414,樺漢,
3515,華擎,6414,樺漢,
3563,牧德,6414,樺漢,
3693,營邦,6414,樺漢,
3706,神達,6414,樺漢,
4916,事欣科,6414,樺漢,
5289,宜鼎,6414,樺漢,
5309,系統電,6414,樺漢,
8050,廣積,6414,樺漢,
8114,振樺電,6414,樺漢,
1560,中砂,8028,昇陽半導體,
3583,辛耘,8028,昇陽半導體,
2441,超豐,AMKR,Amkor,
2449,京元電子,AMKR,Amkor,
2449,京元電子,AMKR,Amkor,
3264,欣銓,AMKR,Amkor,
3265,台星科,AMKR,Amkor,
3374,精材,AMKR,Amkor,
3454,晶睿,AMKR,Amkor,
3479,安勤,AMKR,Amkor,
3481,群創,AMKR,Amkor,
3711,日月光投控,AMKR,Amkor,
3711,日月光投控,AMKR,Amkor,
3711,日月光投控,AMKR,Amkor,
6147,頎邦,AMKR,Amkor,
6239,力成,AMKR,Amkor,
6257,矽格,AMKR,Amkor,
6271,同欣電,AMKR,Amkor,
6271,同欣電,AMKR,Amkor,
8150,南茂,AMKR,Amkor,
8150,南茂,AMKR,Amkor,
6451,訊芯-KY,AMKR,Amkor,
2342,茂矽,ON,ON Semi (安森美),
2481,強茂,ON,ON Semi (安森美),
3257,虹冠電,ON,ON Semi (安森美),
3675,德微,ON,ON Semi (安森美),
5425,台半,ON,ON Semi (安森美),
8255,朋程,ON,ON Semi (安森美),
8261,富鼎,ON,ON Semi (安森美),
,,ON,ON Semi (安森美),
6415,矽力*-KY,ON,ON Semi (安森美),
1504,東元,SU.PA,Schneider Electric (施耐德/APC),
3046,建碁,SU.PA,Schneider Electric (施耐德/APC),
3078,僑威,SU.PA,Schneider Electric (施耐德/APC),
3324,雙鴻,SU.PA,Schneider Electric (施耐德/APC),
3617,碩天,SU.PA,Schneider Electric (施耐德/APC),
6121,新普,SU.PA,Schneider Electric (施耐德/APC),
6409,旭隼,SU.PA,Schneider Electric (施耐德/APC),
8038,長園科,SU.PA,Schneider Electric (施耐德/APC),
2308,台達電,VRT,Vertiv (維諦),
3013,晟銘電,VRT,Vertiv (維諦),
3017,奇鋐,VRT,Vertiv (維諦),
3324,雙鴻,VRT,Vertiv (維諦),
3483,力致,VRT,Vertiv (維諦),
3617,碩天,VRT,Vertiv (維諦),
3617,碩天,VRT,Vertiv (維諦),
3653,健策,VRT,Vertiv (維諦),
6125,廣運,VRT,Vertiv (維諦),
6230,尼得科超眾,VRT,Vertiv (維諦),
6409,旭隼,VRT,Vertiv (維諦),
6409,旭隼,VRT,Vertiv (維諦),
6669,緯穎,VRT,Vertiv (維諦),
8210,勤誠,VRT,Vertiv (維諦),
6282,康舒,VRT,Vertiv (維諦),
6153,嘉聯益,DSBJ,MFLEX (淳華),
3356,奇偶,6462,神盾,
3362,先進光,6462,神盾,
3545,敦泰,6462,神盾,
6456,GIS-KY,6462,神盾,
6143,振曜,VU.PA,VusionGroup (SES-imagotag),
1503,士電,6902.T,Denso (電裝),
1533,車王電,6902.T,Denso (電裝),
2231,為升,6902.T,Denso (電裝),
2308,台達電,6902.T,Denso (電裝),
3380,明泰,6902.T,Denso (電裝),
3481,群創,6902.T,Denso (電裝),
4551,智伸科,6902.T,Denso (電裝),
5392,能率,6902.T,Denso (電裝),
8255,朋程,6902.T,Denso (電裝),
2330,台積電,NVDA,Nvidia (輝達 - 終端),
2345,智邦,NVDA,Nvidia (輝達 - 終端),
2345,智邦,NVDA,Nvidia (輝達 - 終端),
2359,所羅門,NVDA,Nvidia (輝達 - 終端),
2395,研華,NVDA,Nvidia (輝達 - 終端),
2454,聯發科,NVDA,Nvidia (輝達 - 終端),
2498,宏達電,NVDA,Nvidia (輝達 - 終端),
3661,世芯-KY,NVDA,Nvidia (輝達 - 終端),
3661,世芯-KY,NVDA,Nvidia (輝達 - 終端),
5289,宜鼎,NVDA,Nvidia (輝達 - 終端),
6245,立端,NVDA,Nvidia (輝達 - 終端),
8299,群聯,NVDA,Nvidia (輝達 - 終端),
3228,金麗科,AMD,AMD (超微 - 終端),
5269,祥碩,AMD,AMD (超微 - 終端),
2634,漢翔,LMT,Lockheed Martin (洛克希德馬丁),
3491,昇達科,LMT,Lockheed Martin (洛克希德馬丁),
8033,雷虎,LMT,Lockheed Martin (洛克希德馬丁),
8383,千附,LMT,Lockheed Martin (洛克希德馬丁),
8467,波力-KY,Private,CCM Hockey,
9921,巨大,Private,Specialized (SBC),
9914,美利達,Giant,GIANT (Own Brand),
9914,美利達,Giant,GIANT (Own Brand),
1210,大成,1219,福壽,
1215,卜蜂,1219,福壽,
1218,泰山,1219,福壽,
1229,聯華,1219,福壽,
1216,統一,2608,嘉里大榮,
4104,佳醫,2608,嘉里大榮,
9917,中保科,2608,嘉里大榮,
1218,泰山,1217,愛之味,
1218,泰山,1234,黑松,
1303,南亞,1409,新纖,
1402,遠東新,1409,新纖,
1305,華夏,1313,聯成,
1319,東陽,1339,昭輝,
1319,東陽,1522,堤維西,
1319,東陽,1524,耿鼎,
1319,東陽,4543,萬在,
1319,東陽,1587,吉茂,
1326,台化,1447,力鵬,
1419,新紡,1464,得力,
1434,福懋,1464,得力,
4303,信立,1464,得力,
1419,新紡,2916,滿心,
2915,潤泰全,2916,滿心,
1419,新紡,1417,嘉裕,
1434,福懋,1460,宏遠,
1451,年興,4414,如興,
1513,中興電,1514,亞力,
1519,華城,1514,亞力,
1513,中興電,6869,雲豹能源,
1519,華城,6869,雲豹能源,
1609,大亞,6869,雲豹能源,
2371,大同,6869,雲豹能源,
2392,正崴,6869,雲豹能源,
2723,美食-KY,6869,雲豹能源,
2727,王品,6869,雲豹能源,
4934,太極,6869,雲豹能源,
8926,台汽電,6869,雲豹能源,
8927,北基,6869,雲豹能源,
1515,力山,1598,岱宇,
1532,勤美,2748,雲品,
2707,晶華,2748,雲品,
5607,遠雄港,2748,雲品,
5706,鳳凰,2748,雲品,
1536,和大,1568,倉佑,
1565,精華,6491,晶碩,
1565,精華,6491,晶碩,
1565,精華,6491,晶碩,
3189,景碩,6491,晶碩,
8215,明基材,6491,晶碩,
1565,精華,4771,望隼,
1565,精華,4771,望隼,
1565,精華,6782,視陽,
1565,精華,6782,視陽,
5312,寶島科,6782,視陽,
1589,永冠-KY,2067,嘉鋼,
1590,亞德客-KY,2035,唐榮,
1605,華新,2035,唐榮,
1590,亞德客-KY,1608,華榮,
1605,華新,1608,華榮,
1609,大亞,1608,華榮,
4903,聯光通,1608,華榮,
1605,華新,1618,合機,
1609,大亞,6873,泓德能源,
2371,大同,6873,泓德能源,
2392,正崴,6873,泓德能源,
8926,台汽電,6873,泓德能源,
8927,北基,6873,泓德能源,
1707,葡萄王,1294,漢田生技,
1720,生達,3705,永信,
1777,生泰,3705,永信,
1720,生達,6472,保瑞,
1762,中化生,6472,保瑞,
1777,生泰,6472,保瑞,
1789,神隆,6472,保瑞,
4105,東洋,6472,保瑞,
4114,健喬,6472,保瑞,
4119,旭富,6472,保瑞,
4123,晟德,6472,保瑞,
4142,國光生,6472,保瑞,
4147,中裕,6472,保瑞,
4746,台耀,6472,保瑞,
1722,台肥,1712,興農,
1727,中華化,1730,花仙子,
1762,中化生,6589,台康生技,
1777,生泰,6589,台康生技,
1789,神隆,6589,台康生技,
4105,東洋,6589,台康生技,
4114,健喬,6589,台康生技,
4147,中裕,6589,台康生技,
1786,科妍,4728,雙美,
1810,和成,1817,凱撒衛,
1903,士紙,6504,南六,
2002,中鋼,2023,燁輝,
2008,高興昌,2023,燁輝,
2031,新光鋼,2023,燁輝,
2006,東和鋼鐵,2211,長榮鋼,
2006,東和鋼鐵,2015,豐興,
2006,東和鋼鐵,2028,威致,
2008,高興昌,2020,美亞,
2031,新光鋼,2020,美亞,
2002,中鋼,2029,盛餘,
2008,高興昌,2029,盛餘,
2031,新光鋼,2029,盛餘,
2027,大成鋼,2034,允強,
2027,大成鋼,2030,彰源,
2059,川湖,6584,南俊國際,
3376,新日興,6584,南俊國際,
2231,為升,6712,長聖,
2233,宇隆,3276,宇環,
4916,事欣科,3276,宇環,
2236,百達-KY,1528,恩德,
,,1528,恩德,
2236,百達-KY,4533,協易機,
2347,聯強,3033,威健,
2353,宏碁,2468,華經,
6148,驊宏資,2468,華經,
6196,帆宣,2468,華經,
2393,億光,5244,弘凱,
2395,研華,6166,凌華,
3022,威強電,6166,凌華,
3046,建碁,6166,凌華,
3059,華晶科,6166,凌華,
3558,神準,6166,凌華,
3693,營邦,6166,凌華,
3706,神達,6166,凌華,
5289,宜鼎,6166,凌華,
6245,立端,6166,凌華,
8050,廣積,6166,凌華,
8050,廣積,6166,凌華,
8114,振樺電,6166,凌華,
8210,勤誠,6166,凌華,
6414,樺漢,6166,凌華,
2395,研華,2397,友通,
2395,研華,3088,艾訊,
3706,神達,3088,艾訊,
6245,立端,3088,艾訊,
6245,立端,3088,艾訊,
8050,廣積,3088,艾訊,
8114,振樺電,3088,艾訊,
8155,博智,3088,艾訊,
,,3088,艾訊,
6414,樺漢,3088,艾訊,
2404,漢唐,5536,聖暉*,
5434,崇越,5536,聖暉*,
6139,亞翔,5536,聖暉*,
6139,亞翔,5536,聖暉*,
6196,帆宣,5536,聖暉*,
2428,興勤,2424,隴華,
2436,偉詮電,6101,寬魚國際,
2441,超豐,6265,方土昶,
2449,京元電子,6265,方土昶,
6239,力成,6265,方土昶,
6257,矽格,6265,方土昶,
8110,華東,6265,方土昶,
2441,超豐,6525,捷敏-KY,
2449,京元電子,6525,捷敏-KY,
3264,欣銓,6525,捷敏-KY,
6147,頎邦,6525,捷敏-KY,
6257,矽格,6525,捷敏-KY,
6451,訊芯-KY,6525,捷敏-KY,
2450,神腦,2430,燦坤,
8044,網家,2430,燦坤,
2450,神腦,6281,全國電,
2451,創見,4967,十銓,
3260,威剛,4967,十銓,
3260,威剛,4967,十銓,
8271,宇瞻,4967,十銓,
2460,建通,6126,信音,
2480,敦陽科,6689,伊雲谷,
,,6689,伊雲谷,
2480,敦陽科,6112,邁達特,
3687,歐買尬,6112,邁達特,
6148,驊宏資,6112,邁達特,
6214,精誠,6112,邁達特,
,,6112,邁達特,
2352,佳世達,6690,安碁資訊,
2480,敦陽科,6690,安碁資訊,
6148,驊宏資,6690,安碁資訊,
6214,精誠,6690,安碁資訊,
2481,強茂,3317,尼克森,
3042,晶技,3317,尼克森,
8261,富鼎,3317,尼克森,
2482,連宇,5258,虹堡,
2482,連宇,5258,虹堡,
2348,海悅,2542,興富發,
2501,國建,2542,興富發,
5522,遠雄,2542,興富發,
5522,遠雄,2542,興富發,
5534,長虹,2542,興富發,
2501,國建,2520,冠德,
2548,華固,2520,冠德,
5534,長虹,2520,冠德,
2501,國建,2739,寒舍,
2707,晶華,2739,寒舍,
2707,晶華,2739,寒舍,
5607,遠雄港,2739,寒舍,
2548,華固,5533,皇鼎,
2605,新興,2617,台航,
2606,裕民,2617,台航,
2637,慧洋-KY,2617,台航,
2606,裕民,2641,正德,
2637,慧洋-KY,2641,正德,
5608,四維航,2641,正德,
2612,中航,5609,中菲行,
1210,大成,2729,瓦城,
2727,王品,2729,瓦城,
5903,全家,2729,瓦城,
2727,王品,2752,豆府,
5903,全家,2752,豆府,
2731,雄獅,2706,第一店,
2731,雄獅,2745,五福,
5607,遠雄港,2745,五福,
2731,雄獅,2743,山富,
5607,遠雄港,2743,山富,
2881,富邦金,2888,新光金(下市),
2885,元大金,6024,群益期,
3004,豐達科,4572,駐龍,
4541,晟田,4572,駐龍,
2303,聯電,5007,三星,
2344,華邦電,5007,三星,
2408,南亞科,5007,三星,
2408,南亞科,5007,三星,
2408,南亞科,5007,三星,
3004,豐達科,5007,三星,
3006,晶豪科,5007,三星,
3260,威剛,5007,三星,
3374,精材,5007,三星,
3596,智易,5007,三星,
3711,日月光投控,5007,三星,
6187,萬潤,5007,三星,
6188,廣明,5007,三星,
6239,力成,5007,三星,
6239,力成,5007,三星,
8069,元太,5007,三星,
8150,南茂,5007,三星,
8299,群聯,5007,三星,
8349,恒耀,5007,三星,
8349,恒耀,5007,三星,
3006,晶豪科,6679,鈺太,
3013,晟銘電,6933,AMAX-KY,
3019,亞光,3363,上詮,
3163,波若威,3363,上詮,
3163,波若威,3363,上詮,
3265,台星科,3363,上詮,
3289,宜特,3363,上詮,
3450,聯鈞,3363,上詮,
3548,兆利,3363,上詮,
6187,萬潤,3363,上詮,
6442,光聖,3363,上詮,
6451,訊芯-KY,3363,上詮,
3022,威強電,6569,醫揚,
3046,建碁,6569,醫揚,
3059,華晶科,6569,醫揚,
3078,僑威,6569,醫揚,
4736,泰博,6569,醫揚,
8050,廣積,6569,醫揚,
8114,振樺電,6569,醫揚,
3022,威強電,6206,飛捷,
4915,致伸,6206,飛捷,
8114,振樺電,6206,飛捷,
3022,威強電,8234,新漢,
6245,立端,8234,新漢,
6245,立端,8234,新漢,
,,8234,新漢,
3022,威強電,3564,其陽,
3026,禾伸堂,3048,益登,
3036,文曄,3048,益登,
3090,日電貿,3048,益登,
3702,大聯大,3048,益登,
3027,盛達,6806,森崴能源,
4934,太極,6806,森崴能源,
8926,台汽電,6806,森崴能源,
8927,北基,6806,森崴能源,
2457,飛宏,3015,全漢,
3032,偉訓,3015,全漢,
3078,僑威,3015,全漢,
3078,僑威,3015,全漢,
6203,海韻電,3015,全漢,
6203,海韻電,3015,全漢,
8163,達方,3015,全漢,
6282,康舒,3015,全漢,
6282,康舒,3015,全漢,
6412,群電,3015,全漢,
2363,矽統,6643,M31,
3035,智原,6643,M31,
8054,安國,6643,M31,
6462,神盾,6643,M31,
3036,文曄,8112,至上,
3042,晶技,2484,希華,
3090,日電貿,2484,希華,
6196,帆宣,2484,希華,
3042,晶技,3221,台嘉碩,
3051,力特,4960,誠美材,
8215,明基材,4960,誠美材,
3059,華晶科,4976,佳凌,
3362,先進光,4976,佳凌,
5392,能率,4976,佳凌,
3059,華晶科,6283,淳安,
3059,華晶科,5484,慧友,
3131,弘塑,2440,太空梭,
8374,羅昇,2440,太空梭,
,,2440,太空梭,
3162,精確,4527,方土霖,
,,4526,東台,
3213,茂訊,4942,嘉彰,
3217,優群,3526,凡甲,
3218,大學光,6747,亨泰光(下櫃),
3257,虹冠電,6243,迅杰,
3257,虹冠電,6243,迅杰,
3257,虹冠電,6719,力智,
3588,通嘉,6719,力智,
3675,德微,6719,力智,
6138,茂達,6719,力智,
8081,致新,6719,力智,
8081,致新,6719,力智,
3257,虹冠電,5299,杰力,
8261,富鼎,5299,杰力,
3289,宜特,6830,汎銓,
3289,宜特,6830,汎銓,
3289,宜特,6830,汎銓,
3587,閎康,6830,汎銓,
3587,閎康,6830,汎銓,
3293,鈊象,6542,隆中,
3306,鼎天,3504,揚明光,
6176,瑞儀,3504,揚明光,
6209,今國光,3504,揚明光,
3338,泰碩,3224,三顧,
3356,奇偶,3128,昇銳,
3552,同致,3128,昇銳,
3596,智易,3128,昇銳,
3362,先進光,3630,新鉅科,
3376,新日興,4999,鑫禾,
3413,京鼎,6532,瑞耘,
3413,京鼎,6532,瑞耘,
8383,千附,6532,瑞耘,
3413,京鼎,3551,世禾,
3450,聯鈞,3234,光環,
3491,昇達科,6246,臺龍,
3535,晶彩科,3455,由田,
3535,晶彩科,3455,由田,
3535,晶彩科,3455,由田,
3535,晶彩科,3455,由田,
3563,牧德,3455,由田,
3563,牧德,3455,由田,
3563,牧德,3455,由田,
2402,毅嘉,1582,信錦,
3548,兆利,1582,信錦,
3548,兆利,1582,信錦,
4545,銘鈺,1582,信錦,
3576,聯合再生,6443,元晶,
4934,太極,6443,元晶,
3576,聯合再生,6244,茂迪,
4934,太極,6244,茂迪,
5483,中美晶,6244,茂迪,
6125,廣運,6244,茂迪,
3576,聯合再生,6477,安集,
3583,辛耘,3010,華立,
5434,崇越,3010,華立,
5434,崇越,3010,華立,
8070,長華*,3010,華立,
3587,閎康,6840,東研信超,
2375,凱美,2478,大毅,
3624,光頡,2478,大毅,
3624,光頡,2478,大毅,
3687,歐買尬,7722,LINEPAY,
5478,智冠,7722,LINEPAY,
5903,全家,7722,LINEPAY,
5904,寶雅,7722,LINEPAY,
8044,網家,7722,LINEPAY,
8454,富邦媒,7722,LINEPAY,
3687,歐買尬,6180,橘子,
5478,智冠,6180,橘子,
3687,歐買尬,3546,宇峻,
5478,智冠,3546,宇峻,
4104,佳醫,1788,杏昌,
4105,東洋,6547,高端疫苗,
4142,國光生,6547,高端疫苗,
4142,國光生,6547,高端疫苗,
4114,健喬,1714,和桐,
4123,晟德,1714,和桐,
4114,健喬,1752,南光,
4123,晟德,6794,向榮生技,
4128,中天,6794,向榮生技,
4123,晟德,8482,商億-KY,
4163,鐿鈦,2066,世德,
8349,恒耀,2066,世德,
4164,承業醫,6637,醫影,
4164,承業醫,8403,盛弘,
1305,華夏,1321,大洋,
4303,信立,1321,大洋,
4722,國精化,1321,大洋,
4541,晟田,3178,公準,
5243,乙盛-KY,3178,公準,
6196,帆宣,3178,公準,
8383,千附,3178,公準,
4532,瑞智,8083,瑞穎,
4541,晟田,8083,瑞穎,
4545,銘鈺,2483,百容,
6155,鈞寶,2483,百容,
4736,泰博,4737,華廣,
4736,泰博,4737,華廣,
4736,泰博,1733,五鼎,
4906,正文,2419,仲琦,
4906,正文,2314,台揚,
4908,前鼎,2314,台揚,
4916,事欣科,2314,台揚,
4915,致伸,2331,精英,
4916,事欣科,8076,伍豐,
8114,振樺電,8076,伍豐,
4927,泰鼎-KY,8213,志超,
4927,泰鼎-KY,8213,志超,
6191,精成科,8213,志超,
4953,緯軟,8099,大世科,
5201,凱衛,8099,大世科,
6148,驊宏資,8099,大世科,
5201,凱衛,8284,三竹,
,,6752,叡揚,
,,6776,展碁國際,
5234,達興材料,1711,永光,
5243,乙盛-KY,2489,瑞軒,
5314,世紀*,6741,91APP*-KY,
5314,世紀*,5321,美而快,
5434,崇越,4755,三福化,
5465,富驊,8409,商之器,
5522,遠雄,1808,潤隆,
5607,遠雄港,2719,燦星旅,
5607,遠雄港,2734,易飛網,
5880,合庫金,2834,臺企銀,
5904,寶雅,2908,特力,
6117,迎廣,3540,曜越,
2464,盟立,6438,迅得,
2467,志聖,6438,迅得,
6125,廣運,6438,迅得,
6188,廣明,6438,迅得,
6125,廣運,6667,信紘科,
6139,亞翔,6691,洋基工程,
6139,亞翔,2543,皇昌,
6139,亞翔,5521,工信,
6148,驊宏資,2427,三商電,
6214,精誠,2427,三商電,
6148,驊宏資,5403,中菲,
6214,精誠,5403,中菲,
6155,鈞寶,3236,千如,
6197,佳必琪,3501,維熹,
,,3501,維熹,
6209,今國光,3339,泰谷,
6209,今國光,6517,保勝光學,
6271,同欣電,2241,艾姆勒,
8111,立碁,2241,艾姆勒,
6275,元山,5283,禾聯碩,
2371,大同,1604,聲寶,
6275,元山,1604,聲寶,
,,3357,臺慶科,
,,6224,聚鼎,
6462,神盾,6533,晶心科,
,,1521,大億,
,,1521,大億,
,,1521,大億,
8038,長園科,8027,鈦昇,
4938,和碩,5227,立凱-KY,
8038,長園科,5227,立凱-KY,
2375,凱美,6204,艾華,
8042,金山電,6204,艾華,
8050,廣積,6205,詮欣,
8054,安國,6485,點序,
8054,安國,6695,芯鼎,
8261,富鼎,6435,大中,
8261,富鼎,6435,大中,
8341,日友,6803,崑鼎,
8422,可寧衛*,6803,崑鼎,
8422,可寧衛*,6803,崑鼎,
8422,可寧衛*,6803,崑鼎,
8341,日友,6923,中台,
8341,日友,6923,中台,
8422,可寧衛*,6923,中台,
8422,可寧衛*,6923,中台,
8349,恒耀,2012,春雨,
8383,千附,8473,山林水,
8383,千附,8936,國統,
8436,大江,1784,訊聯,
8436,大江,6615,慧智,
8926,台汽電,8931,大汽電,
9910,豐泰,6768,志強-KY,
9910,豐泰,6890,來億-KY,
9910,豐泰,6890,來億-KY,
9910,豐泰,9802,鈺齊-KY,
9917,中保科,9925,新保,
9933,中鼎,3703,欣陸,
2059,川湖,4438,廣越,
9938,百和,4438,廣越,
3454,晶睿,9905,大華,
3479,安勤,9905,大華,
9939,宏全,9905,大華,
9945,潤泰新,2535,達欣工,
9955,佳龍,3663,鑫科,
9955,佳龍,4721,美琪瑪,
9955,佳龍,4739,康普,
9958,世紀鋼,2013,中鋼構,
9958,世紀鋼,2010,春源,
